Produto,Custo_Manufatura,Preco_Venda,Spread,Margem_Perc,Mercado_Venda,Sourcing_Insumos
Magus' Robe of Concentration III,5373.04,10000.0,4626.96,46.3,kerys-tremen,Cracked Sigil@ancien-lavedan; Great Amulet of Martyr’s Crown@ancien-lavedan; Snapdragon@kerys-aven; Horn Needles@merrie-ulaid; Coarse Cotton Cloth@inis_gallia-vitry; Cotton Cord@merrie-nene; Coarse Leather String@ancien-volvestre; Rough Leather Straps@kerys-aven
Attuned Staff of Zephyr IV,862.85,4444.0,3581.15,80.6,merrie-ulaid,Cubic Ethereal Crystal@kerys-bronyr; Pearl@kerys-dolavon; Fine Spear Shaft@merrie-shire; Long Fine Wood Stock@merrie-caster; Cotton Cord@merrie-nene; Coarse Leather Band@kerys-bronyr; Linseed Oil@inis_gallia-javerdus
Warded Staff of Divine III,2190.95,5000.0,2809.05,56.2,kerys-tremen,Multifaceted Ethereal Crystal@inis_gallia-vitry; Great Locket of the Horizon@kerys-bronyr; Starwort@kerys-pladenn; Spear Shaft@kerys-tremen; Long Fine Wood Stock@merrie-caster; Wool Yarn@kerys-llydaw; Coarse Leather Band@kerys-bronyr; Linseed Oil@inis_gallia-javerdus; Bronze Sheet@inis_gallia-trecassis
Attuned Staff of Divine IV,962.85,3500.0,2537.15,72.5,merrie-ulaid,Cubic Ethereal Crystal@kerys-bronyr; Cuprite@kerys-dreger; Fine Spear Shaft@merrie-shire; Long Fine Wood Stock@merrie-caster; Cotton Cord@merrie-nene; Coarse Leather Band@kerys-bronyr; Linseed Oil@inis_gallia-javerdus
Steel Anvil Head,732.0,3000.0,2268.0,75.6,kerys-dolavon,Steel Ingot@kerys-aven; Charcoal@merrie-nene
Attuned Sylvan Staff IV,2077.85,4200.0,2122.15,50.5,ancien-armanhac,Tattered Locket@ancien-lavedan; Quicksilver@kerys-dolavon; Fine Spear Shaft@merrie-shire; Long Fine Wood Stock@merrie-caster; Cotton Cord@merrie-nene; Coarse Leather Band@kerys-bronyr; Linseed Oil@inis_gallia-javerdus
Attuned Staff of Zephyr III,639.75,2750.0,2110.25,76.7,merrie-shire,Multifaceted Ethereal Crystal@inis_gallia-vitry; Starwort Extract@kerys-dolavon; Spear Shaft@kerys-tremen; Long Fine Wood Stock@merrie-caster; Wool Yarn@kerys-llydaw; Coarse Leather Band@kerys-bronyr; Linseed Oil@inis_gallia-javerdus; Bronze Sheet@inis_gallia-trecassis
Warded Wrought Iron Battleaxe,533.35,2500.0,1966.65,78.7,kerys-pladenn,Cracked Locket@kerys-aven; Great Orb of the Twilight@inis_gallia-langres; Axe Handle@ancien-astarac; Wrought Iron Axe Head@kerys-bronyr; Iron Nails@merrie-nene; Coarse Leather Band@kerys-bronyr; Wrought Iron Spike@ancien-tursan
Staff of Zephyr IV,262.85,1750.0,1487.15,85.0,merrie-shire,Pearl@kerys-dolavon; Fine Spear Shaft@merrie-shire; Long Fine Wood Stock@merrie-caster; Cotton Cord@merrie-nene; Coarse Leather Band@kerys-bronyr; Linseed Oil@inis_gallia-javerdus
Warded Iron Broadsword,3078.5,3950.0,871.5,22.1,ancien-tolosa,Worn Out Locket@ancien-gravas; Talisman of the Enigma@kerys-pladenn; Iron Sword Blade@ancien-gravas; Sword Hilt@kerys-aven; Iron Bar@inis_gallia-nones; Coarse Leather Band@kerys-bronyr
Cleric's Alb of Cleansing II,760.4,1500.0,739.6,49.3,kerys-dolavon,Cracked Ethereal Crystal@kerys-aven; Seal of the Lost Abbot@kerys-bronyr; Dandelion Extract@kerys-pladenn; Sewing Needles@kerys-dreger; Quilted Wool Padding@inis_gallia-langres; Coarse Leather Band@kerys-bronyr; Horn Buttons@kerys-aven
Warded Hunter's Bow,278.3,1000.0,721.7,72.2,inis_gallia-langres,Carved Collarstone@ancien-tolosa; Great Token of the Whisper@kerys-dolavon; Bow Stave@kerys-pladenn; Boar Sinew@merrie-ardbog; Linseed Oil@inis_gallia-javerdus; Coarse Leather Band@kerys-bronyr
Attuned Two-handed  Wrought Iron Spear,100.25,800.0,699.75,87.5,ancien-tolosa,Cracked Locket@kerys-aven; Spear Shaft@kerys-tremen; Wrought Iron Spike@ancien-tursan; Bronze Nails@merrie-yarborn; Coarse Leather Band@kerys-bronyr; Wrought Iron Bar@inis_gallia-langres
Warded Wrought Iron Greatsword,153.5,800.0,646.5,80.8,kerys-pladenn,Cracked Locket@kerys-aven; Wrought Iron Sword Blade@kerys-aven; Sword Hilt@kerys-aven; Wrought Iron Bar@inis_gallia-langres; Coarse Leather Band@kerys-bronyr
Staff of Divine IV,362.85,1000.0,637.15,63.7,ancien-armanhac,Cuprite@kerys-dreger; Fine Spear Shaft@merrie-shire; Long Fine Wood Stock@merrie-caster; Cotton Cord@merrie-nene; Coarse Leather Band@kerys-bronyr; Linseed Oil@inis_gallia-javerdus
Attuned Wrought Iron Battleaxe,133.35,700.0,566.65,81.0,inis_gallia-aras,Cracked Locket@kerys-aven; Axe Handle@ancien-astarac; Wrought Iron Axe Head@kerys-bronyr; Iron Nails@merrie-nene; Coarse Leather Band@kerys-bronyr; Wrought Iron Spike@ancien-tursan
Attuned Wrought Iron Broadsword,153.5,600.0,446.5,74.4,merrie-gael,Cracked Locket@kerys-aven; Wrought Iron Sword Blade@kerys-aven; Sword Hilt@kerys-aven; Wrought Iron Bar@inis_gallia-langres; Coarse Leather Band@kerys-bronyr
Warded Staff of Divine II,1319.15,1750.0,430.85,24.6,kerys-tremen,Cracked Ethereal Crystal@kerys-aven; Locket of the Horizon@kerys-pladenn; Meadowsweet@kerys-pladenn; Spear Shaft@kerys-tremen; Iron Bar@inis_gallia-nones; Linen String@merrie-caster; Coarse Leather Band@kerys-bronyr
Sylvan Staff IV,77.85,400.0,322.15,80.5,inis_gallia-vitry,Quicksilver@kerys-dolavon; Fine Spear Shaft@merrie-shire; Long Fine Wood Stock@merrie-caster; Cotton Cord@merrie-nene; Coarse Leather Band@kerys-bronyr; Linseed Oil@inis_gallia-javerdus
Yule Crown of Winter,38.18,350.0,311.82,89.1,ancien-lavedan,Yule Berries@kerys-aven; Yule Wood@ancien-tolosa; Furry Collarstone@inis_gallia-vitry; Linen Cloth@kerys-aven; Glue@inis_gallia-aras; Coarse Leather String@ancien-volvestre; Sow Thistle Extract@merrie-shire
Barrel Pieces,23.07,250.0,226.93,90.8,kerys-llydaw,Copper Ingot@merrie-ardbog; Vial@ancien-lavedan; Bronze Sheet@inis_gallia-trecassis
Attuned Wrought Iron Handspear,100.25,300.0,199.75,66.6,inis_gallia-aras,Cracked Locket@kerys-aven; Spear Shaft@kerys-tremen; Wrought Iron Spike@ancien-tursan; Bronze Nails@merrie-yarborn; Coarse Leather Band@kerys-bronyr; Wrought Iron Bar@inis_gallia-langres
Yule Goat Mask,616.7,800.0,183.3,22.9,merrie-wiht,Pristine Goat Skull@ancien-tolosa; Medallion of the Lost@inis_gallia-ardennes; Worn Out Locket@ancien-gravas; Suede Leather@kerys-tremen; Fur Leather@kerys-tremen; Stuffed Linen Padding@merrie-shire; Sow Thistle Extract@merrie-shire
Meirothea’s Yule Flame,16.92,200.0,183.08,91.5,ancien-volvestre,Yule Wood@ancien-tolosa; Yule Berries@kerys-aven; Furry Collarstone@inis_gallia-vitry; Sow Thistle Extract@merrie-shire; Coarse Wool Cloth@merrie-gael
Attuned Sylvan Staff II,170.55,300.0,129.45,43.1,kerys-pladenn,Furry Collarstone@inis_gallia-vitry; Lily of the Valley Extract@kerys-dolavon; Spear Shaft@kerys-tremen; Iron Bar@inis_gallia-nones; Linen String@merrie-caster; Coarse Leather Band@kerys-bronyr
Herald's Helm of the Immovable II,375.0,500.0,125.0,25.0,inis_gallia-aras,Worn Out Locket@ancien-gravas; Blessed Ligarius@merrie-shire; Hemlock Sap@inis_gallia-javerdus; Iron Sheet@inis_gallia-langres; Coarse Leather Band@kerys-bronyr; Bronze Buckle@inis_gallia-nones; Iron Studs@ancien-astarac
Wooden Cabinet,40.4,140.0,99.6,71.1,merrie-shire,Fine Wooden Plank@kerys-dolavon; Iron Nails@merrie-nene; Wrought Iron Hinges@ancien-astarac; Coarse Cotton Cloth@inis_gallia-vitry
Mantle of the Scarlet Bird,83.1,150.0,66.9,44.6,kerys-aven,Linen Cloth@kerys-aven; Wool Yarn@kerys-llydaw; Sewing Needles@kerys-dreger; Aurum Thread@inis_gallia-vitry
Attuned Iron Heater,34.6,100.0,65.4,65.4,kerys-aven,Gadfly Larvae@ancien-lavedan; Plank@inis_gallia-langres; Iron Sheet@inis_gallia-langres; Iron Studs@ancien-astarac; Coarse Leather Band@kerys-bronyr
Furnace Parts,61.5,125.0,63.5,50.8,ancien-libornes,Brick@kerys-aven; Boiled Leather@kerys-aven; Charcoal@merrie-nene
Staff of Zephyr III,39.75,90.0,50.25,55.8,ancien-armanhac,Starwort Extract@kerys-dolavon; Spear Shaft@kerys-tremen; Long Fine Wood Stock@merrie-caster; Wool Yarn@kerys-llydaw; Coarse Leather Band@kerys-bronyr; Linseed Oil@inis_gallia-javerdus; Bronze Sheet@inis_gallia-trecassis
Hunters Drinking Horn,5.37,55.0,49.63,90.2,kerys-aven,Antler@kerys-retz; Copper Ingot@merrie-ardbog
Silver Opal Necklace,56.6,106.0,49.4,46.6,merrie-shire,Silver Ingot@ancien-tolosa; Opal@kerys-aven
Large Fine Wooden Barrel,44.4,90.0,45.6,50.7,kerys-aven,Fine Wooden Plank@kerys-dolavon; Iron Nails@merrie-nene; Wrought Iron Bar@inis_gallia-langres
Large Rain Lily Planter,4.32,45.0,40.68,90.4,merrie-shire,Fine Wooden Plank@kerys-dolavon; Rain Lily@merrie-ardbog; Iron Nails@merrie-nene
Chevron Shutter,9.81,50.0,40.19,80.4,kerys-retz,Fine Wooden Plank@kerys-dolavon; Iron Nails@merrie-nene; Wrought Iron Hinges@ancien-astarac; Bone Fragments@merrie-ulaid
Metal Candle Stand,16.8,50.0,33.2,66.4,merrie-ardbog,Iron Sheet@inis_gallia-langres; Bronze Studs@kerys-bronyr; Tallow@merrie-wiht
Candles on Dish,17.2,50.0,32.8,65.6,merrie-shire,Iron Sheet@inis_gallia-langres; Bronze Studs@kerys-bronyr; Tallow@merrie-wiht
Golden Floral Headband,66.6,99.0,32.4,32.7,kerys-pladenn,Silver Ingot@ancien-tolosa; Pearl@kerys-dolavon
Chiseled Canonites,68.97,100.0,31.03,31.0,kerys-dolavon,Canonite@kerys-llydaw
Trinity Diadem,170.0,200.0,30.0,15.0,inis_gallia-langres,Aurum Ingot@merrie-yarborn; Emerald@kerys-pladenn
Slender Bronze Amber Ring,2.21,32.0,29.79,93.1,merrie-ardbog,Bronze Ingot@kerys-pladenn; Amber@inis_gallia-aras
Sturdy Reinforced Chest,18.64,48.0,29.36,61.2,kerys-aven,Plank@inis_gallia-langres; Iron Nails@merrie-nene; Wrought Iron Hinges@ancien-astarac; Iron Sheet@inis_gallia-langres
Golden Earring,31.6,60.0,28.4,47.3,inis_gallia-langres,Silver Ingot@ancien-tolosa; Opal@kerys-aven
Founders Mantle,1.31,28.0,26.69,95.3,kerys-llydaw,Sewing Needles@kerys-dreger; Linen String@merrie-caster; Coarse Linen Cloth@kerys-ewyas
Little Yule Goat,75.1,100.0,24.9,24.9,inis_gallia-ardennes,Yule Wood@ancien-tolosa; Medallion of the Lost@inis_gallia-ardennes; Straw@ancien-lavedan
Ambergrasp Extract,50.0,73.5,23.5,32.0,kerys-dolavon,Ambergrasp@merrie-ulaid
Candle on Dish,16.8,40.0,23.2,58.0,merrie-shire,Iron Sheet@inis_gallia-langres; Bronze Studs@kerys-bronyr; Tallow@merrie-wiht
Rain Lily Planter,2.16,25.0,22.84,91.4,merrie-shire,Fine Wooden Plank@kerys-dolavon; Rain Lily@merrie-ardbog; Iron Nails@merrie-nene
The Golden Hind of Trecassis,7.5,30.0,22.5,75.0,inis_gallia-nones,Linen Cloth@kerys-aven; Long Wood Stock@kerys-aven; Linen String@merrie-caster
Cloak of the Sunspire,12.7,35.0,22.3,63.7,merrie-nene,Linen Cloth@kerys-aven; Wool Yarn@kerys-llydaw; Sewing Needles@kerys-dreger; Silver Thread@inis_gallia-langres
Cotton Wadding,29.5,50.0,20.5,41.0,merrie-down,Coarse Cotton Cloth@inis_gallia-vitry; Cotton Cord@merrie-nene; Horn Needles@merrie-ulaid
Wrought Iron Sword Blade,50.0,70.0,20.0,28.6,kerys-aven,Wrought Iron Bar@inis_gallia-langres
The Spirit of Arduinna,11.2,30.0,18.8,62.7,inis_gallia-nones,Linen Cloth@kerys-aven; Long Wood Stock@kerys-aven; Linen String@merrie-caster
Dark Ceramic Jug,1.3,20.0,18.7,93.5,inis_gallia-langres,Clay@inis_gallia-nones; Water@merrie-gael; Tallow@merrie-wiht; Charcoal@merrie-nene
Ceramic Jug,1.3,20.0,18.7,93.5,inis_gallia-langres,Clay@inis_gallia-nones; Water@merrie-gael; Tallow@merrie-wiht; Charcoal@merrie-nene
Small Ceramic Jug,1.3,20.0,18.7,93.5,inis_gallia-langres,Clay@inis_gallia-nones; Water@merrie-gael; Tallow@merrie-wiht; Charcoal@merrie-nene
Fired Ceramic Jug,1.3,20.0,18.7,93.5,inis_gallia-langres,Clay@inis_gallia-nones; Water@merrie-gael; Tallow@merrie-wiht; Charcoal@merrie-nene
Bronze Amber Ring,2.21,20.0,17.79,89.0,merrie-ardbog,Bronze Ingot@kerys-pladenn; Amber@inis_gallia-aras
Carpenter's Tools,5.75,20.0,14.25,71.2,inis_gallia-aras,Wrought Iron Nails@kerys-llydaw; Boiled Leather@kerys-aven
Lupus and the White Hart,16.4,30.0,13.6,45.3,inis_gallia-nones,Linen Cloth@kerys-aven; Long Wood Stock@kerys-aven; Linen String@merrie-caster
Midnight Rose Mantle,12.7,24.0,11.3,47.1,kerys-bronyr,Linen Cloth@kerys-aven; Wool Yarn@kerys-llydaw; Sewing Needles@kerys-dreger; Silver Thread@inis_gallia-langres
Wool Felt,8.9,20.0,11.1,55.5,kerys-aven,Wool Cloth@kerys-tremen; Wool Yarn@kerys-llydaw; Horn Needles@merrie-ulaid
Baking Tools,23.95,35.0,11.05,31.6,ancien-tolosa,Iron Sheet@inis_gallia-langres; Fine Linen Cloth@inis_gallia-nones; Fine Wooden Plank@kerys-dolavon; Boiled Leather@kerys-aven
Tempered Iron Chopping Axe,29.3,40.0,10.7,26.7,kerys-ewyas,Worn Out Locket@ancien-gravas; Long Wood Stock@kerys-aven; Iron Axe Head@ancien-tolosa; Coarse Leather Band@kerys-bronyr
Staff of Divine III,39.45,50.0,10.55,21.1,inis_gallia-ardennes,Pasque Flower Extract@merrie-down; Spear Shaft@kerys-tremen; Long Fine Wood Stock@merrie-caster; Wool Yarn@kerys-llydaw; Coarse Leather Band@kerys-bronyr; Linseed Oil@inis_gallia-javerdus; Bronze Sheet@inis_gallia-trecassis
Aurum Ingot,9.5,20.0,10.5,52.5,merrie-yarborn,Aurum Ore@kerys-dolavon; Charcoal@merrie-nene
Bronze Bar,3.33,12.5,9.17,73.3,inis_gallia-nones,Bronze Ingot@kerys-pladenn
Small Amber Amulet,3.74,11.0,7.26,66.0,inis_gallia-jura,Bronze Ingot@kerys-pladenn; Amber@inis_gallia-aras
Stone Window Flowerpot,0.92,7.5,6.58,87.7,merrie-ardbog,Gneiss@kerys-dolavon; Periwinkle@kerys-bronyr; Garlic@kerys-pladenn
Shadow Court Gown,5.5,11.0,5.5,50.0,ancien-gravas,Linen Cloth@kerys-aven; Wool Yarn@kerys-llydaw; Sewing Needles@kerys-dreger; Silver Thread@inis_gallia-langres
Iron Bar,6.25,11.5,5.25,45.7,inis_gallia-nones,Iron Ingot@merrie-yarborn
Table Lamp,1.49,6.0,4.51,75.1,inis_gallia-vitry,Bronze Ingot@kerys-pladenn; Tallow@merrie-wiht
Verdant Court Gown,5.5,10.0,4.5,45.0,merrie-caster,Linen Cloth@kerys-aven; Wool Yarn@kerys-llydaw; Sewing Needles@kerys-dreger; Silver Thread@inis_gallia-langres
Duskleaf Tunic,5.5,10.0,4.5,45.0,merrie-caster,Linen Cloth@kerys-aven; Wool Yarn@kerys-llydaw; Sewing Needles@kerys-dreger; Silver Thread@inis_gallia-langres
Sunbright Tunic,5.5,10.0,4.5,45.0,merrie-ardbog,Linen Cloth@kerys-aven; Wool Yarn@kerys-llydaw; Sewing Needles@kerys-dreger; Silver Thread@inis_gallia-langres
Wicker Window Flowerpot,1.08,5.0,3.92,78.4,ancien-armanhac,Sapwood@kerys-retz; Rain Lily@merrie-ardbog; Starwort@kerys-pladenn
Small Wicker Window Flowerpot,1.08,5.0,3.92,78.4,ancien-armanhac,Sapwood@kerys-retz; Rain Lily@merrie-ardbog; Starwort@kerys-pladenn
Ceramic Bowl,1.4,5.0,3.6,72.0,merrie-ulaid,Clay@inis_gallia-nones; Water@merrie-gael; Tallow@merrie-wiht; Charcoal@merrie-nene
Gallian Gargoyle,0.6,4.0,3.4,85.0,merrie-bearm,Gneiss@kerys-dolavon
Brushed Bronze Onyx Ring,10.67,14.0,3.33,23.8,inis_gallia-langres,Bronze Ingot@kerys-pladenn; Onyx@merrie-shire
Moonveil Shoes,8.02,11.0,2.98,27.1,merrie-shire,Fine Leather@kerys-aven; Sewing Needles@kerys-dreger
Ceramic Candleholder,1.03,4.0,2.97,74.2,ancien-lavedan,Clay@inis_gallia-nones; Water@merrie-gael; Tallow@merrie-wiht; Charcoal@merrie-nene
Window Flowerpot,1.12,4.0,2.88,72.0,ancien-lavedan,Plank@inis_gallia-langres; Datura's Seed Pod@ancien-tolosa; Iron Nails@merrie-nene
Pottery Molds,2.14,5.0,2.86,57.2,kerys-dreger,Plank@inis_gallia-langres; Clay@inis_gallia-nones; Bronze Nails@merrie-yarborn
Founders Emblem,0.17,3.0,2.83,94.4,ancien-astarac,Tin Ingot@kerys-bronyr; Blizzard Stone@kerys-bronyr
Linseed Oil,0.6,3.0,2.4,80.0,inis_gallia-javerdus,Flax Seeds@merrie-shire; Tallow@merrie-wiht
Large Stone Planter,2.8,5.0,2.2,44.0,kerys-retz,Gneiss@kerys-dolavon; Batflower@kerys-aven
Roselace Hose,7.9,10.0,2.1,21.0,merrie-caster,Linen Cloth@kerys-aven; Wool Yarn@kerys-llydaw; Sewing Needles@kerys-dreger; Silver Thread@inis_gallia-langres
Crimson Lys Tunic,23.1,25.0,1.9,7.6,kerys-bronyr,Linen Cloth@kerys-aven; Wool Yarn@kerys-llydaw; Sewing Needles@kerys-dreger; Aurum Thread@inis_gallia-vitry
Construction Hammer,0.12,2.0,1.88,94.0,merrie-shire,Sapwood@kerys-retz; Gneiss@kerys-dolavon
Hunters Table,0.26,2.0,1.74,87.0,merrie-nene,Plank@inis_gallia-langres; Wooden Beam@ancien-maremna
Iron Sheet,2.5,4.0,1.5,37.5,inis_gallia-langres,Iron Ingot@merrie-yarborn
Banquet Table,8.5,10.0,1.5,15.0,kerys-tremen,Fine Wooden Plank@kerys-dolavon; Wrought Iron Nails@kerys-llydaw; Fine Wood Beam@inis_gallia-vitry
Attuned Sylvan Staff,0.52,2.0,1.48,74.0,kerys-retz,Bee Balm@inis_gallia-nones; Long Wood Stock@kerys-aven; Bronze Studs@kerys-bronyr
Wolfsbane Leaf Extract,0.65,2.0,1.35,67.5,merrie-ulaid,Wolfsbane's Leaves@inis_gallia-langres; Charcoal@merrie-nene; Water@merrie-gael
Wooden Winch,1.8,3.0,1.2,40.0,inis_gallia-ardennes,Sapwood@kerys-retz; Flax Fiber@inis_gallia-morvan
Founders Shoes,0.8,2.0,1.2,60.0,ancien-lavedan,Nubuck Leather@kerys-bronyr; Coarse Leather Band@kerys-bronyr
Coarse Wool Cloth,1.0,2.0,1.0,50.0,merrie-gael,Wool Yarn@kerys-llydaw
Tall Ceramic Candleholder,1.03,2.0,0.97,48.5,ancien-astarac,Clay@inis_gallia-nones; Water@merrie-gael; Tallow@merrie-wiht; Charcoal@merrie-nene
Pointy Stick,0.04,1.0,0.96,96.0,merrie-ulaid,Sapwood@kerys-retz
Yule Charm,0.07,1.0,0.93,93.3,merrie-shire,Tin Ingot@kerys-bronyr
Simple bronze band,0.07,1.0,0.93,93.3,kerys-aven,Tin Ingot@kerys-bronyr
Wooden Shield,0.12,1.0,0.88,88.0,merrie-nene,Sapwood@kerys-retz
Gneiss Stone Axe,0.14,1.0,0.86,86.0,kerys-dolavon,Sapwood@kerys-retz; Gneiss@kerys-dolavon
Stone Pickaxe,0.14,1.0,0.86,86.0,merrie-ulaid,Sapwood@kerys-retz; Gneiss@kerys-dolavon
Simple Chest,2.16,3.0,0.84,28.0,ancien-salias,Plank@inis_gallia-langres; Rough Leather Straps@kerys-aven
Hunters Bench,0.18,1.0,0.82,82.0,ancien-astarac,Plank@inis_gallia-langres; Wooden Beam@ancien-maremna
Pilgrim's Gloves IV,14.25,15.0,0.75,5.0,kerys-tremen,Medium Top Grain Leather@inis_gallia-aras; Cotton Cord@merrie-nene; Linseed Oil@inis_gallia-javerdus
Blizzard Stone Amulet,0.27,1.0,0.73,73.3,kerys-dreger,Tin Ingot@kerys-bronyr; Blizzard Stone@kerys-bronyr
Stool,0.08,0.8,0.72,90.0,inis_gallia-nones,Plank@inis_gallia-langres
Crude Skinning Knife,0.34,1.0,0.66,66.0,merrie-caster,Sapwood@kerys-retz; Gneiss@kerys-dolavon
Basic Leatherworking Tools,0.35,1.0,0.65,65.0,kerys-aven,Bone Fragments@merrie-ulaid; Sapwood@kerys-retz; Flint@ancien-salias
Slender Bronze Earring,0.37,1.0,0.63,63.3,kerys-llydaw,Copper Ingot@merrie-ardbog
Pilgrim's Gloves,0.4,1.0,0.6,60.0,kerys-bronyr,Nubuck Leather@kerys-bronyr
Pilgrim's Bracers,0.4,1.0,0.6,60.0,kerys-retz,Nubuck Leather@kerys-bronyr
Attuned Staff of Divine,0.44,1.0,0.56,56.0,merrie-bearm,Daisy@inis_gallia-trecassis; Long Wood Stock@kerys-aven; Bronze Studs@kerys-bronyr
Staff of Divine,0.44,1.0,0.56,56.0,kerys-aven,Daisy@inis_gallia-trecassis; Long Wood Stock@kerys-aven; Bronze Studs@kerys-bronyr
Wyvern Wind Vane,1.47,2.0,0.53,26.7,inis_gallia-atigny,Copper Ingot@merrie-ardbog
Round Flower Pot,0.28,0.8,0.52,65.0,merrie-wiht,Clay@inis_gallia-nones; Rain Lily@merrie-ardbog
Sylvan Staff,0.52,1.0,0.48,48.0,merrie-nene,Bee Balm@inis_gallia-nones; Long Wood Stock@kerys-aven; Bronze Studs@kerys-bronyr
Wyvern Sconce,0.73,1.2,0.47,38.9,kerys-vanes,Copper Ingot@merrie-ardbog
Bronze Sheet,1.33,1.8,0.47,25.9,inis_gallia-trecassis,Bronze Ingot@kerys-pladenn
Leather Straps,1.03,1.5,0.47,31.3,inis_gallia-langres,Heavy Top Grain Leather@kerys-aven; Bronze Buckle@inis_gallia-nones; Glue@inis_gallia-aras
Weapons Belt,0.54,1.0,0.46,46.0,kerys-bronyr,Rough Leather Straps@kerys-aven; Glue@inis_gallia-aras
Loios' Tears Leaf Extract,1.05,1.5,0.45,30.0,merrie-gael,Loios' Tears Leaves@inis_gallia-trecassis; Charcoal@merrie-nene; Water@merrie-gael
Small Topaz Amulet,0.57,1.0,0.43,43.3,kerys-llydaw,Copper Ingot@merrie-ardbog; Topaz@ancien-volvestre
Mace Grip,4.6,5.0,0.4,8.0,inis_gallia-jura,Iron Sheet@inis_gallia-langres; Coarse Leather Band@kerys-bronyr; Bronze Studs@kerys-bronyr
Stone Planter,0.64,1.0,0.36,36.0,merrie-ardbog,Gneiss@kerys-dolavon; Sage@merrie-ardbog
Pilgrim's Marchers,0.64,1.0,0.36,36.0,kerys-aven,Dandelion@merrie-ardbog; Nubuck Leather@kerys-bronyr; Coarse Leather String@ancien-volvestre
Silver Ingot,6.25,6.6,0.35,5.3,ancien-tolosa,Silver Ore@kerys-dolavon; Charcoal@merrie-nene
Fine Ceramic Mug,0.67,1.0,0.33,33.0,inis_gallia-nones,Clay@inis_gallia-nones; Water@merrie-gael; Tallow@merrie-wiht; Charcoal@merrie-nene
Sturdy Ceramic Mug,0.67,1.0,0.33,33.0,kerys-pladenn,Clay@inis_gallia-nones; Water@merrie-gael; Tallow@merrie-wiht; Charcoal@merrie-nene
Hunter's Hood of the Marked Prey,0.7,1.0,0.3,30.0,kerys-dreger,Nubuck Leather@kerys-bronyr; Coarse Leather String@ancien-volvestre
Fine Wooden Bowl,0.2,0.5,0.3,60.0,inis_gallia-morvan,Fine Wooden Plank@kerys-dolavon
Pilgrim's Helmcap,0.7,1.0,0.3,30.0,merrie-nene,Nubuck Leather@kerys-bronyr; Coarse Leather String@ancien-volvestre
Attuned Staff of Zephyr,0.7,1.0,0.3,30.0,merrie-ardbog,Meadowsweet Extract@inis_gallia-vitry; Long Wood Stock@kerys-aven; Bronze Studs@kerys-bronyr
Wooden Wall Shelf,0.12,0.4,0.28,70.0,inis_gallia-ardennes,Plank@inis_gallia-langres
Heavy Top Grain Leather,0.5,0.75,0.25,33.3,kerys-aven,Inferior Leather@kerys-tremen
Round Container,0.2,0.4,0.2,50.0,kerys-retz,Plank@inis_gallia-langres; Coarse Leather String@ancien-volvestre
Large Wooden Barrel,25.8,26.0,0.2,0.8,kerys-pladenn,Plank@inis_gallia-langres; Iron Bar@inis_gallia-nones; Iron Nails@merrie-nene
Basic Fletching Tools,0.8,1.0,0.2,20.0,inis_gallia-vitry,Flint@ancien-salias; Sapwood@kerys-retz; Reed@inis_gallia-langres
Simple Bed,1.83,2.0,0.17,8.3,merrie-nene,Plank@inis_gallia-langres; Wooden Beam@ancien-maremna; Straw@ancien-lavedan; Coarse Linen Cloth@kerys-ewyas
Wash Bowl,0.85,1.0,0.15,14.7,ancien-armanhac,Plank@inis_gallia-langres; Copper Ingot@merrie-ardbog
Ceramic Mug,0.67,0.8,0.13,16.2,inis_gallia-nones,Clay@inis_gallia-nones; Water@merrie-gael; Tallow@merrie-wiht; Charcoal@merrie-nene
Rough Leather Straps,0.4,0.5,0.1,20.0,kerys-aven,Coarse Leather Band@kerys-bronyr; Bronze Buckle@inis_gallia-nones
Bear Rug,0.1,0.2,0.1,50.0,kerys-aven,Fur Leather@kerys-tremen
Tiny Stool,0.12,0.2,0.08,40.0,merrie-yarborn,Plank@inis_gallia-langres
Wooden Stool,0.14,0.2,0.06,30.0,inis_gallia-vitry,Plank@inis_gallia-langres; Wooden Beam@ancien-maremna
Wooden Shelf,0.14,0.2,0.06,30.0,merrie-caster,Plank@inis_gallia-langres; Wooden Beam@ancien-maremna
Meat Strips,0.02,0.05,0.03,60.0,kerys-dreger,Meat Chunks@kerys-retz
Ceramic Pot,1.98,2.0,0.02,1.0,kerys-tremen,Clay@inis_gallia-nones; Water@merrie-gael; Tallow@merrie-wiht; Charcoal@merrie-nene
Wooden Ladle,0.04,0.05,0.01,20.0,kerys-dreger,Plank@inis_gallia-langres
Curved Wooden Ladle,0.04,0.05,0.01,20.0,kerys-dreger,Plank@inis_gallia-langres
Iron Spike,57.5,57.5,0.0,0.0,inis_gallia-nones,Iron Bar@inis_gallia-nones
Round Wicker Basket,0.4,0.4,0.0,0.0,kerys-aven,Reed@inis_gallia-langres
Sewing Needles,0.02,0.02,0.0,0.0,kerys-dreger,Bone Fragments@merrie-ulaid
Long Wood Stock,0.1,0.1,0.0,0.0,kerys-aven,Sapwood@kerys-retz
Oakshade Shoes,2.02,2.0,-0.02,-1.0,merrie-wiht,Rawhide@kerys-bronyr; Sewing Needles@kerys-dreger
Stonepath Boots,2.02,2.0,-0.02,-1.0,kerys-dolavon,Rawhide@kerys-bronyr; Sewing Needles@kerys-dreger
Ornamented Table,0.44,0.4,-0.04,-10.0,kerys-aven,Plank@inis_gallia-langres; Wooden Beam@ancien-maremna
Grilled Meat Hunks,0.1,0.05,-0.05,-100.0,kerys-dreger,Meat Chunks@kerys-retz
Nubuck Leather,0.25,0.2,-0.05,-25.0,kerys-bronyr,Rawhide@kerys-bronyr
Leather Pouch,1.06,1.0,-0.06,-6.0,ancien-volvestre,Inferior Leather@kerys-tremen; Coarse Leather String@ancien-volvestre
Fur Leather,0.17,0.1,-0.07,-66.7,kerys-tremen,Rough Animal Hide@inis_gallia-vitry
Wooden Table,0.28,0.2,-0.08,-40.0,inis_gallia-vitry,Plank@inis_gallia-langres; Wooden Beam@ancien-maremna
Rawhide,0.33,0.25,-0.08,-33.3,kerys-bronyr,Rough Animal Hide@inis_gallia-vitry
Wooden Arrow,0.1,0.02,-0.08,-400.0,kerys-pladenn,Sapwood@kerys-retz
Coarse Leather Band,0.2,0.1,-0.1,-100.0,kerys-bronyr,Nubuck Leather@kerys-bronyr
Lard,0.12,0.02,-0.1,-500.0,kerys-dreger,Animal Fat@kerys-dolavon
Suede Leather,0.5,0.4,-0.1,-25.0,kerys-tremen,Inferior Leather@kerys-tremen
Plain Rye Bread,0.17,0.05,-0.12,-240.0,kerys-bronyr,Rye Dough@inis_gallia-vitry; Lard@kerys-dreger
Wooden Beam,0.2,0.05,-0.15,-300.0,ancien-maremna,Sapwood@kerys-retz
Barley Bread,0.22,0.05,-0.17,-340.0,kerys-aven,Barley Dough@kerys-tremen; Lard@kerys-dreger
Plank,0.2,0.02,-0.18,-900.0,inis_gallia-langres,Sapwood@kerys-retz
Coarse Leather String,0.2,0.02,-0.18,-900.0,ancien-volvestre,Nubuck Leather@kerys-bronyr
Wooden Window Flowerpot,1.2,1.0,-0.2,-20.0,merrie-nene,Plank@inis_gallia-langres; Periwinkle@kerys-bronyr; Iron Nails@merrie-nene
Castor Extract,0.7,0.5,-0.2,-40.0,kerys-pladenn,Castor Plant@ancien-astarac; Charcoal@merrie-nene; Water@merrie-gael
Long Fine Wood Stock,0.3,0.1,-0.2,-200.0,merrie-caster,Heartwood@inis_gallia-javerdus
Fine Fur,0.5,0.2857142857142857,-0.21,-75.0,kerys-aven,Animal Hide@inis_gallia-atigny
Triple Band Bronze Amber Ring,2.21,2.0,-0.21,-10.3,merrie-ulaid,Bronze Ingot@kerys-pladenn; Amber@inis_gallia-aras
Plain Oat Bread,0.28,0.05,-0.23,-460.0,kerys-dreger,Oat Dough@kerys-tremen; Tallow@merrie-wiht
Lime,0.35,0.12,-0.23,-191.7,inis_gallia-trecassis,Limestone@inis_gallia-aras; Sapwood@kerys-retz
Charcoal,0.34,0.1,-0.24,-242.2,merrie-nene,Plank@inis_gallia-langres; Charcoal@merrie-nene; Resin@kerys-llydaw
Lavender Extract,0.75,0.5,-0.25,-50.0,inis_gallia-langres,Lavender@ancien-lavedan; Charcoal@merrie-nene; Water@merrie-gael
Crane Flower Extract,0.75,0.5,-0.25,-50.0,kerys-pladenn,Crane Flower@ancien-lavedan; Charcoal@merrie-nene; Water@merrie-gael
Simple Roast,0.3,0.05,-0.25,-500.0,kerys-dreger,Meat Chunks@kerys-retz; Tallow@merrie-wiht
Medium Top Grain Leather,1.0,0.75,-0.25,-33.3,inis_gallia-aras,Fine Leather@kerys-aven
High Mallow Extract,1.26,1.0,-0.26,-26.1,merrie-shire,High Mallow@inis_gallia-ardennes; Charcoal@merrie-nene; Water@merrie-gael
Rosecourt Bourrelet,3.3,3.0,-0.3,-10.0,ancien-lavedan,Linen Cloth@kerys-aven; Wool Yarn@kerys-llydaw; Sewing Needles@kerys-dreger; Garnet@ancien-armanhac
Tall Ceramic Jug,1.3,1.0,-0.3,-30.0,kerys-pladenn,Clay@inis_gallia-nones; Water@merrie-gael; Tallow@merrie-wiht; Charcoal@merrie-nene
Sow Thistle Extract,0.65,0.35,-0.3,-85.7,merrie-shire,Sow Thistle@inis_gallia-trecassis; Charcoal@merrie-nene; Water@merrie-gael
Shepherd's Hairband of Quiet Gaze,1.31,1.0,-0.31,-31.3,kerys-retz,Sewing Needles@kerys-dreger; Coarse Linen Cloth@kerys-ewyas; Linen String@merrie-caster
Coarse Bow Stave,0.42,0.1,-0.32,-322.2,kerys-pladenn,Long Wood Stock@kerys-aven; Resin@kerys-llydaw
Small Ceramic Bowl,0.72,0.4,-0.32,-80.0,inis_gallia-vitry,Clay@inis_gallia-nones; Water@merrie-gael; Tallow@merrie-wiht; Charcoal@merrie-nene
Clay,0.34,0.02,-0.32,-1611.1,inis_gallia-nones,Plank@inis_gallia-langres; Charcoal@merrie-nene; Resin@kerys-llydaw
Langres Links,0.37,0.04,-0.33,-827.8,kerys-retz,Deer Intestines@inis_gallia-nones; Deer Shank Meat@kerys-ewyas; Lard@kerys-dreger
Rough Leather Plate,0.95,0.6,-0.35,-58.3,inis_gallia-aras,Heavy Top Grain Leather@kerys-aven; Glue@inis_gallia-aras
Lily of the Valley Extract,0.85,0.5,-0.35,-70.0,kerys-dolavon,Lily of the Valley@kerys-pladenn; Charcoal@merrie-nene; Water@merrie-gael
Golden Poppy Extract,1.35,1.0,-0.35,-35.0,kerys-aven,Golden Poppy@inis_gallia-nones; Charcoal@merrie-nene; Water@merrie-gael
Vanguard's Breeches of Holy Strikes,1.4,1.0,-0.4,-40.0,merrie-yarborn,Nubuck Leather@kerys-bronyr; Coarse Leather String@ancien-volvestre
Wolfsbane Seed Extract,0.65,0.25,-0.4,-160.0,inis_gallia-langres,Wolfsbane's Seeds@ancien-armanhac; Charcoal@merrie-nene; Water@merrie-gael
Pilgrim's Pants,1.4,1.0,-0.4,-40.0,merrie-gael,Nubuck Leather@kerys-bronyr; Coarse Leather String@ancien-volvestre
Periwinkle Extract,0.65,0.25,-0.4,-160.0,kerys-aven,Periwinkle@kerys-bronyr; Charcoal@merrie-nene; Water@merrie-gael
Small Stone Window Flowerpot,0.82,0.4,-0.42,-105.0,merrie-down,Limestone@inis_gallia-aras; Periwinkle@kerys-bronyr; Garlic@kerys-pladenn
Raspberry Syrup,0.45,0.02,-0.43,-2150.0,inis_gallia-atigny,Water@merrie-gael; Raspberry@inis_gallia-nones
Box Chair,0.64,0.2,-0.44,-220.0,kerys-tremen,Plank@inis_gallia-langres; Long Wood Stock@kerys-aven
Daisy Extract,0.55,0.1,-0.45,-450.0,inis_gallia-nones,Daisy@inis_gallia-trecassis; Charcoal@merrie-nene; Water@merrie-gael
Dandelion Extract,0.95,0.5,-0.45,-90.0,kerys-pladenn,Dandelion@merrie-ardbog; Charcoal@merrie-nene; Water@merrie-gael
Weak Mead,0.5,0.05,-0.45,-900.0,inis_gallia-javerdus,Honey@kerys-retz; Weak Mead Base@ancien-volvestre
Simple Wooden Table,0.72,0.25,-0.47,-188.0,ancien-maremna,Plank@inis_gallia-langres; Long Wood Stock@kerys-aven
Fly Agaric Extract,0.7,0.2,-0.5,-250.0,ancien-tolosa,Fly Agaric@ancien-volvestre; Charcoal@merrie-nene; Water@merrie-gael
Plantago Extract,0.95,0.45,-0.5,-111.1,merrie-down,Plantago@ancien-armanhac; Charcoal@merrie-nene; Water@merrie-gael
Angelica Extract,0.75,0.25,-0.5,-200.0,kerys-aven,Angelica@inis_gallia-nones; Charcoal@merrie-nene; Water@merrie-gael
Fine Wood Beam,0.6,0.1,-0.5,-500.0,inis_gallia-vitry,Heartwood@inis_gallia-javerdus
Fine Wooden Plank,0.6,0.1,-0.5,-500.0,kerys-dolavon,Heartwood@inis_gallia-javerdus
Soapwort Extract,0.65,0.15,-0.5,-333.3,inis_gallia-langres,Soapwort@inis_gallia-trecassis; Charcoal@merrie-nene; Water@merrie-gael
Alfalfa Extract,0.95,0.45,-0.5,-111.1,merrie-down,Alfalfa@kerys-pladenn; Charcoal@merrie-nene; Water@merrie-gael
Flinthead Arrow,0.56,0.04,-0.52,-1300.0,kerys-retz,Long Wood Stock@kerys-aven; Flint@ancien-salias
Farmhouse Cider,0.58,0.05,-0.53,-1060.0,merrie-nene,Blueberry Syrup@ancien-tolosa; Water@merrie-gael; Honey@kerys-retz
Blackberry Syrup,0.65,0.1,-0.55,-550.0,ancien-tolosa,Water@merrie-gael; Blackberry@inis_gallia-javerdus
Datura Leaf Extract,0.65,0.1,-0.55,-550.0,ancien-gravas,Datura's Leaves@kerys-dolavon; Charcoal@merrie-nene; Water@merrie-gael
Fatty Boar Sausage,0.61,0.06,-0.55,-916.7,kerys-dolavon,Deer Intestines@inis_gallia-nones; Boar Shank Meat@inis_gallia-trecassis; Lard@kerys-dreger; Thyme@inis_gallia-nones
Bronze Tipped Arrow,0.6,0.04,-0.56,-1400.0,kerys-retz,Long Wood Stock@kerys-aven; Bronze Arrowhead@kerys-ewyas
Glue,0.6,0.04,-0.56,-1400.0,inis_gallia-aras,Bone Fragments@merrie-ulaid; Water@merrie-gael
Cartwheel Chandelier,1.58,1.0,-0.58,-58.0,ancien-armanhac,Plank@inis_gallia-langres; Copper Ingot@merrie-ardbog; Wooden Beam@ancien-maremna; Beeswax@ancien-tursan
Rough Animal Hide,0.75,0.16666666666666666,-0.58,-350.0,inis_gallia-vitry,Large Rough Animal Hide@inis_gallia-morvan
Shank Stew,0.64,0.05,-0.59,-1185.7,inis_gallia-ardennes,Deer Flank Meat@kerys-pladenn; Yellow Onion@inis_gallia-nones; Boar Shank Meat@inis_gallia-trecassis; Black Trumpet@kerys-aven
Founders Chausses,2.59,2.0,-0.59,-29.3,kerys-retz,Sewing Needles@kerys-dreger; Linen String@merrie-caster; Coarse Linen Cloth@kerys-ewyas
Wicker Basket,0.8,0.2,-0.6,-300.0,merrie-gael,Reed@inis_gallia-langres
Decorated Chair,1.0,0.4,-0.6,-150.0,kerys-llydaw,Fine Wooden Plank@kerys-dolavon; Wrought Iron Nails@kerys-llydaw
Meadowsweet Extract,0.75,0.15,-0.6,-400.0,inis_gallia-vitry,Meadowsweet@kerys-pladenn; Charcoal@merrie-nene; Water@merrie-gael
Barley Water,0.65,0.05,-0.6,-1200.0,inis_gallia-ardennes,Water@merrie-gael; Barley Stalks@kerys-bronyr
Blueberry Syrup,0.65,0.04,-0.61,-1525.0,ancien-tolosa,Water@merrie-gael; Blueberry@inis_gallia-javerdus
Strawberry Syrup,0.65,0.02,-0.63,-3150.0,inis_gallia-ardennes,Water@merrie-gael; Strawberry@inis_gallia-javerdus
Small Climbing Ivy,1.05,0.4,-0.65,-162.5,merrie-ulaid,Water@merrie-gael; White Grapes@kerys-retz
Climbing Ivy,1.05,0.4,-0.65,-162.5,merrie-wiht,Water@merrie-gael; White Grapes@kerys-retz
Large Climbing Ivy,1.05,0.4,-0.65,-162.5,merrie-ulaid,Water@merrie-gael; White Grapes@kerys-retz
Small Cider,0.7,0.05,-0.65,-1300.0,kerys-dolavon,Raspberry@inis_gallia-nones; Water@merrie-gael; Honey@kerys-retz
Leather Band,0.75,0.1,-0.65,-650.0,kerys-tremen,Medium Top Grain Leather@inis_gallia-aras
Arching Ivy,1.05,0.4,-0.65,-162.5,merrie-wiht,Water@merrie-gael; White Grapes@kerys-retz
Datura Fruit Extract,0.75,0.1,-0.65,-650.0,inis_gallia-vitry,Datura Fruit@inis_gallia-langres; Charcoal@merrie-nene; Water@merrie-gael
Tall Climbing Ivy,1.05,0.4,-0.65,-162.5,merrie-wiht,Water@merrie-gael; White Grapes@kerys-retz
Iron Tipped Arrow,0.7,0.04,-0.66,-1650.0,merrie-wiht,Long Wood Stock@kerys-aven; Iron Arrowhead@ancien-astarac
Oat Dough,0.87,0.2,-0.67,-335.0,kerys-tremen,Oat Flour@merrie-ardbog; Yeast@ancien-astarac; Water@merrie-gael
Attuned Bronze Broadsword,2.68,2.0,-0.68,-34.0,merrie-yarborn,Datura's Seed Pod@ancien-tolosa; Bronze Sword Blade@merrie-caster; Sapwood@kerys-retz
Pilgrim's Breeches,1.69,1.0,-0.69,-68.7,kerys-bronyr,Sewing Needles@kerys-dreger; Coarse Linen Cloth@kerys-ewyas
Tansy Extract,0.95,0.25,-0.7,-280.0,kerys-aven,Tansy@kerys-aven; Charcoal@merrie-nene; Water@merrie-gael
Leather Handles,0.8,0.08,-0.72,-900.0,ancien-tolosa,Suede Leather@kerys-tremen; Boar Sinew@merrie-ardbog
Barley and Rye Bread,0.78,0.05,-0.73,-1460.0,ancien-lavedan,Barley Dough@kerys-tremen; Rye Grain@kerys-tremen; Tallow@merrie-wiht
Amber Adorned Amulet,3.74,3.0,-0.74,-24.8,kerys-bronyr,Bronze Ingot@kerys-pladenn; Amber@inis_gallia-aras
Pilgrim's Armbands,1.75,1.0,-0.75,-75.3,kerys-aven,Sewing Needles@kerys-dreger; Coarse Linen Cloth@kerys-ewyas; Linen String@merrie-caster
Leather Pads,0.95,0.2,-0.75,-375.0,ancien-lavedan,Heavy Top Grain Leather@kerys-aven; Glue@inis_gallia-aras
Pilgrim's Mitts,1.75,1.0,-0.75,-75.3,kerys-aven,Sewing Needles@kerys-dreger; Coarse Linen Cloth@kerys-ewyas; Linen String@merrie-caster
Raspberry Mead,0.85,0.1,-0.75,-750.0,ancien-lavedan,Honey@kerys-retz; Cloudy Mead Base@ancien-tursan; Raspberry@inis_gallia-nones
Linen String,1.2,0.44,-0.76,-172.7,merrie-caster,Flax Fiber@inis_gallia-morvan
Barley Dough,0.97,0.2,-0.77,-385.0,kerys-tremen,Barley Flour@inis_gallia-langres; Yeast@ancien-astarac; Water@merrie-gael
Stone Planter with Frieze,1.0,0.2,-0.8,-400.0,kerys-dolavon,Limestone@inis_gallia-aras
Tiny Vial,1.0,0.2,-0.8,-400.0,ancien-astarac,Rough Glass@inis_gallia-langres
Small Wooden Window Flowerpot,1.2,0.4,-0.8,-200.0,inis_gallia-vitry,Plank@inis_gallia-langres; Periwinkle@kerys-bronyr; Iron Nails@merrie-nene
Pilgrim's Vambraces,1.8,1.0,-0.8,-80.0,kerys-dolavon,Bronze Sheet@inis_gallia-trecassis
Shire Gold,0.9,0.1,-0.8,-800.0,kerys-bronyr,Blueberry@inis_gallia-javerdus; Water@merrie-gael; Honey@kerys-retz
Blueberry Mead,0.9,0.1,-0.8,-800.0,kerys-tremen,Honey@kerys-retz; Weak Mead Base@ancien-volvestre; Blueberry@inis_gallia-javerdus
Bronze Sword Blade,3.33,2.5,-0.83,-33.3,merrie-caster,Bronze Ingot@kerys-pladenn
Autumn Heat,0.9,0.05,-0.85,-1700.0,merrie-nene,Blackberry@inis_gallia-javerdus; Water@merrie-gael; Honey@kerys-retz
Crown Beard Extract,1.45,0.6,-0.85,-141.7,ancien-astarac,Crown Beard@inis_gallia-javerdus; Charcoal@merrie-nene; Water@merrie-gael
Rounded Shutter,5.86,5.0,-0.86,-17.2,ancien-armanhac,Plank@inis_gallia-langres; Wrought Iron Nails@kerys-llydaw; Iron Hinges@merrie-ulaid
Pilgrim's Jerkin,1.86,1.0,-0.86,-86.0,kerys-llydaw,Plantago@ancien-armanhac; Nubuck Leather@kerys-bronyr; Coarse Leather String@ancien-volvestre
Pilgrim's Helmcap II,2.88,2.0,-0.88,-44.0,kerys-vanes,Suede Leather@kerys-tremen; Quilted Linen Padding@inis_gallia-nones; Linen String@merrie-caster
Homely Stew,0.99,0.1,-0.89,-892.9,merrie-wiht,Yellow Onion@inis_gallia-nones; Deer Neck Meat@ancien-lavedan; Enoki@ancien-gravas
Small Potion of Spirit II,0.95,0.05,-0.9,-1800.0,inis_gallia-langres,Datura Leaf Extract@ancien-gravas; Water@merrie-gael; Small Vial@inis_gallia-morvan
Small Potion of Spirit III,1.0,0.1,-0.9,-900.0,merrie-nene,Datura Leaf Extract@ancien-gravas; Water@merrie-gael; Small Vial@inis_gallia-morvan
Small Window Flowerpot,1.12,0.2,-0.92,-460.0,ancien-volvestre,Plank@inis_gallia-langres; Datura's Seed Pod@ancien-tolosa; Iron Nails@merrie-nene
Axe Handle,2.2,1.25,-0.95,-76.0,ancien-astarac,Long Wood Stock@kerys-aven; Coarse Leather Band@kerys-bronyr; Bronze Nails@merrie-yarborn
Straw,1.0,0.02,-0.98,-4900.0,ancien-lavedan,Flax Fiber@inis_gallia-morvan
Aegis Potion II,1.05,0.06666666666666667,-0.98,-1475.0,inis_gallia-aras,Soapwort Extract@inis_gallia-langres; Water@merrie-gael; Small Vial@inis_gallia-morvan
Small Silver Bracelet,3.0,2.0,-1.0,-50.0,kerys-pladenn,Wrought Iron Ingot@ancien-astarac
Strawberry Mead,1.05,0.05,-1.0,-2000.0,kerys-vanes,Honey@kerys-retz; Cloudy Mead Base@ancien-tursan; Strawberry@inis_gallia-javerdus
Silver Bracelet,3.0,2.0,-1.0,-50.0,merrie-yarborn,Wrought Iron Ingot@ancien-astarac
Amber Barley Water,1.05,0.05,-1.0,-2000.0,inis_gallia-javerdus,Water@merrie-gael; Barley Stalks@kerys-bronyr; Blueberry@inis_gallia-javerdus
Fine Weapons Belt,2.0,1.0,-1.0,-100.0,kerys-aven,Leather Straps@inis_gallia-langres; Coarse Leather Band@kerys-bronyr
Sanguine Shoes,2.02,1.0,-1.02,-102.0,kerys-pladenn,Rawhide@kerys-bronyr; Sewing Needles@kerys-dreger
Stormveil Boots,2.02,1.0,-1.02,-102.0,kerys-bronyr,Rawhide@kerys-bronyr; Sewing Needles@kerys-dreger
Rye Dough,1.17,0.15,-1.02,-680.0,inis_gallia-vitry,Rye Flour@inis_gallia-trecassis; Yeast@ancien-astarac; Water@merrie-gael
Bronze Ingot,1.7,0.6666666666666666,-1.03,-155.0,kerys-pladenn,Tin Ore@merrie-down; Copper Ore@inis_gallia-aras; Sapwood@kerys-retz
Wood Buttons,1.08,0.04,-1.04,-2600.0,ancien-tursan,Sapwood@kerys-retz; Linen String@merrie-caster
Basic Cooking Tools,2.04,1.0,-1.04,-104.0,ancien-salias,Bronze Sheet@inis_gallia-trecassis; Long Wood Stock@kerys-aven; Flint@ancien-salias
Spiced Grilled Meat Hunks,1.1,0.05,-1.05,-2100.0,merrie-gael,Meat Chunks@kerys-retz; Mustard@kerys-aven
Bleak Boiled Veggies,1.15,0.1,-1.05,-1045.7,merrie-shire,Yellow Onion@inis_gallia-nones; Mustard@kerys-aven; Garlic@kerys-pladenn; Divine Mushroom@inis_gallia-jura
Poison Resistance I,1.25,0.2,-1.05,-525.0,inis_gallia-ardennes,Amanita Regalis Extract@kerys-aven; Water@merrie-gael; Small Vial@inis_gallia-morvan
Meadow Dress,3.1,2.0,-1.1,-55.0,kerys-retz,Linen Cloth@kerys-aven; Wool Yarn@kerys-llydaw; Sewing Needles@kerys-dreger
Weak Tonic of Vitality II,1.15,0.05,-1.1,-2200.0,ancien-tolosa,Fly Agaric Extract@ancien-tolosa; Water@merrie-gael; Small Vial@inis_gallia-morvan
Red Poppy Extract,1.35,0.25,-1.1,-440.0,kerys-aven,Red Poppy@inis_gallia-nones; Charcoal@merrie-nene; Water@merrie-gael
Bronze Chopping Axe,2.1,1.0,-1.1,-110.0,kerys-retz,Long Wood Stock@kerys-aven; Bronze Axe Head@ancien-armanhac
Polished Bronze Chopping Axe,2.1,1.0,-1.1,-110.0,kerys-bronyr,Long Wood Stock@kerys-aven; Bronze Axe Head@ancien-armanhac
Bronze Battleaxe,2.1,1.0,-1.1,-110.0,kerys-ewyas,Long Wood Stock@kerys-aven; Bronze Axe Head@ancien-armanhac
Coarsewood Bow,2.1,1.0,-1.1,-110.0,kerys-pladenn,Coarse Bow Stave@kerys-pladenn; Boar Sinew@merrie-ardbog
Stonepath Hose,3.1,2.0,-1.1,-55.0,merrie-shire,Linen Cloth@kerys-aven; Wool Yarn@kerys-llydaw; Sewing Needles@kerys-dreger
Fine Coarsewood Bow,2.1,1.0,-1.1,-110.0,kerys-dolavon,Coarse Bow Stave@kerys-pladenn; Boar Sinew@merrie-ardbog
Leather String,1.15,0.04,-1.11,-2775.0,kerys-tremen,Medium Top Grain Leather@inis_gallia-aras; Boar Sinew@merrie-ardbog
Small Beer,1.25,0.1,-1.15,-1150.0,ancien-tolosa,Weak Beer Base@ancien-tursan
Death Cap Extract,1.7,0.55,-1.15,-209.1,merrie-ardbog,Deathcap@kerys-tremen; Charcoal@merrie-nene; Water@merrie-gael
Weak Tonic of Vitality III,1.3,0.1,-1.2,-1200.0,ancien-lavedan,Amanita Regalis Extract@kerys-aven; Water@merrie-gael; Small Vial@inis_gallia-morvan
Basic Baking Tools,2.2,1.0,-1.2,-120.0,ancien-gravas,Long Wood Stock@kerys-aven; Bronze Sheet@inis_gallia-trecassis; Bronze Nails@merrie-yarborn
Weak Healing Potion III,1.25,0.05,-1.2,-2400.0,ancien-lavedan,Tansy Extract@kerys-aven; Water@merrie-gael; Small Vial@inis_gallia-morvan
Longbow,3.2,2.0,-1.2,-60.0,kerys-aven,Rough Bow Stave@kerys-pladenn; Boar Sinew@merrie-ardbog; Coarse Leather Band@kerys-bronyr
Pilgrim's Bracers II,2.2,1.0,-1.2,-120.0,inis_gallia-aras,Suede Leather@kerys-tremen; Rough Leather Straps@kerys-aven; Quilted Linen Padding@inis_gallia-nones
Amanita Regalis Extract,1.45,0.25,-1.2,-480.0,kerys-aven,Amanita Regalis@inis_gallia-trecassis; Charcoal@merrie-nene; Water@merrie-gael
Pilgrim's Slippers,2.21,1.0,-1.21,-120.7,kerys-llydaw,Dandelion@merrie-ardbog; Sewing Needles@kerys-dreger; Coarse Linen Cloth@kerys-ewyas
Attuned Bronze Battleaxe,2.22,1.0,-1.22,-122.0,merrie-gael,Angelica@inis_gallia-nones; Long Wood Stock@kerys-aven; Bronze Axe Head@ancien-armanhac
Pilgrim's Gauntlets III,6.22,5.0,-1.22,-24.3,ancien-astarac,Iron Wire@ancien-armanhac; Stuffed Linen Padding@merrie-shire
Basic Tailoring Tools,2.25,1.0,-1.25,-125.0,ancien-armanhac,Bone Fragments@merrie-ulaid; Flax Fiber@inis_gallia-morvan; Sapwood@kerys-retz
Fine Axe Handle,2.2,0.9375,-1.26,-134.7,inis_gallia-atigny,Long Fine Wood Stock@merrie-caster; Leather Band@kerys-tremen; Bronze Nails@merrie-yarborn
Dandelion Herb Infusion,1.55,0.2,-1.35,-675.0,inis_gallia-javerdus,Water@merrie-gael; Dandelion@merrie-ardbog; Rosemary@kerys-pladenn
Weak Healing Potion I,1.4,0.05,-1.35,-2700.0,ancien-maremna,Datura Fruit Extract@inis_gallia-vitry; Water@merrie-gael; Tiny Vial@ancien-astarac
Starwort Extract,1.85,0.5,-1.35,-270.0,kerys-dolavon,Starwort@kerys-pladenn; Charcoal@merrie-nene; Water@merrie-gael
Fire Resistance I,1.45,0.1,-1.35,-1350.0,ancien-tolosa,Sow Thistle Extract@merrie-shire; Water@merrie-gael; Small Vial@inis_gallia-morvan
Rough Bow Stave,1.58,0.2,-1.38,-688.9,kerys-pladenn,Long Wood Stock@kerys-aven; Resin@kerys-llydaw; Beeswax@ancien-tursan
Weak Tonic of Vitality I,1.5,0.1,-1.4,-1400.0,kerys-dolavon,Fly Agaric Extract@ancien-tolosa; Water@merrie-gael; Tiny Vial@ancien-astarac
Weak Healing Potion II,1.45,0.05,-1.4,-2800.0,kerys-llydaw,Datura Fruit Extract@inis_gallia-vitry; Water@merrie-gael; Tiny Vial@ancien-astarac
Small Potion of Spirit I,1.45,0.05,-1.4,-2800.0,merrie-ardbog,Meadowsweet Extract@inis_gallia-vitry; Water@merrie-gael; Tiny Vial@ancien-astarac
Aegis Potion I,1.45,0.05,-1.4,-2800.0,ancien-gravas,Soapwort Extract@inis_gallia-langres; Water@merrie-gael; Tiny Vial@ancien-astarac
Woodsman Roast,1.5,0.1,-1.4,-1400.0,merrie-wiht,Garlic@kerys-pladenn; Boar Shank Meat@inis_gallia-trecassis; Tallow@merrie-wiht
Small Vial,1.5,0.08,-1.42,-1775.0,inis_gallia-morvan,Rough Glass@inis_gallia-langres
Pilgrim's Helmcap III,11.43,10.0,-1.43,-14.3,kerys-llydaw,Boiled Leather@kerys-aven; Stuffed Linen Padding@merrie-shire; Wool Yarn@kerys-llydaw; Linseed Oil@inis_gallia-javerdus
Basic Stew,1.54,0.1,-1.44,-1444.0,ancien-lavedan,Meat Chunks@kerys-retz; Yellow Onion@inis_gallia-nones; Deer Shank Meat@kerys-ewyas; Penny Bun@kerys-bronyr
Fool's Webcap Extract,1.7,0.25,-1.45,-580.0,kerys-aven,Fools Webcap@kerys-pladenn; Charcoal@merrie-nene; Water@merrie-gael
Fine Spear Shaft,2.2,0.75,-1.45,-193.3,merrie-shire,Long Fine Wood Stock@merrie-caster; Leather Band@kerys-tremen; Bronze Nails@merrie-yarborn
Roasted Boar,1.5,0.05,-1.45,-2900.0,inis_gallia-ardennes,Thyme@inis_gallia-nones; Boar Flank Meat@kerys-pladenn; Tallow@merrie-wiht
Weak Health Tonic I,1.5,0.05,-1.45,-2900.0,merrie-ardbog,Fly Agaric Extract@ancien-tolosa; Water@merrie-gael; Tiny Vial@ancien-astarac
Golden Porridge,1.58,0.1,-1.48,-1475.7,ancien-lavedan,Water@merrie-gael; Barley Grain@merrie-ulaid; Yellow Onion@inis_gallia-nones; Tallow@merrie-wiht
Raisins,1.6,0.1,-1.5,-1500.0,inis_gallia-trecassis,White Grapes@kerys-retz
Weak Health Tonic II,1.55,0.05,-1.5,-3000.0,ancien-tolosa,Fly Agaric Extract@ancien-tolosa; Water@merrie-gael; Tiny Vial@ancien-astarac
Wrought Iron Tipped Arrow,1.6,0.1,-1.5,-1500.0,kerys-vanes,Long Wood Stock@kerys-aven; Wrought Iron Arrowhead@kerys-pladenn
Tallow,1.6,0.04,-1.56,-3900.0,merrie-wiht,Suet@merrie-bearm
Aegis Potion III,1.65,0.09090909090909091,-1.56,-1715.0,ancien-tolosa,Alfalfa Extract@merrie-down; Water@merrie-gael; Small Vial@inis_gallia-morvan
Pilgrim's Armbands II,2.58,1.0,-1.58,-158.0,merrie-wiht,Sewing Needles@kerys-dreger; Linen Cloth@kerys-aven; Linen String@merrie-caster
Pilgrim's Mitts II,2.58,1.0,-1.58,-158.0,kerys-pladenn,Sewing Needles@kerys-dreger; Linen Cloth@kerys-aven; Linen String@merrie-caster
Pilgrim's Hood,2.59,1.0,-1.59,-158.7,kerys-bronyr,Sewing Needles@kerys-dreger; Coarse Linen Cloth@kerys-ewyas; Linen String@merrie-caster
Bronze Broadsword,2.6,1.0,-1.6,-160.0,kerys-vanes,Bronze Sword Blade@merrie-caster; Sapwood@kerys-retz
Hammered Silver Bracelet,6.6,5.0,-1.6,-32.0,inis_gallia-ardennes,Silver Ingot@ancien-tolosa
Silver Cuff,6.6,5.0,-1.6,-32.0,kerys-aven,Silver Ingot@ancien-tolosa
Bronze Greatsword,2.6,1.0,-1.6,-160.0,merrie-yarborn,Bronze Sword Blade@merrie-caster; Sapwood@kerys-retz
Mushroom and Vegetable Stew,1.67,0.06666666666666667,-1.6,-2398.6,merrie-wiht,Yellow Onion@inis_gallia-nones; Mustard@kerys-aven; Garlic@kerys-pladenn; Chanterelle@ancien-armanhac; Lard@kerys-dreger
Cold Resistance I,1.8,0.2,-1.6,-800.0,ancien-tolosa,Crane Flower Extract@kerys-pladenn; Water@merrie-gael; Small Vial@inis_gallia-morvan
Sturdy Chair,3.6,2.0,-1.6,-80.0,inis_gallia-nones,Fine Wooden Plank@kerys-dolavon; Wrought Iron Nails@kerys-llydaw; Fine Wood Beam@inis_gallia-vitry
Pilgrim's Tunic,2.65,1.0,-1.65,-164.7,kerys-aven,Plantago@ancien-armanhac; Sewing Needles@kerys-dreger; Coarse Linen Cloth@kerys-ewyas; Linen String@merrie-caster
Weak Health Tonic III,1.75,0.1,-1.65,-1650.0,ancien-lavedan,Lavender Extract@inis_gallia-langres; Water@merrie-gael; Small Vial@inis_gallia-morvan
Aegis Potion IV,1.75,0.1,-1.65,-1650.0,ancien-gravas,Castor Extract@kerys-pladenn; Water@merrie-gael; Small Vial@inis_gallia-morvan
Bow Stave,1.98,0.3,-1.68,-559.3,kerys-pladenn,Long Fine Wood Stock@merrie-caster; Resin@kerys-llydaw; Beeswax@ancien-tursan
Rye and Berry Bread,1.77,0.058823529411764705,-1.71,-2909.0,merrie-down,Rye Dough@inis_gallia-vitry; Blueberry@inis_gallia-javerdus; Lard@kerys-dreger
Aegis Potion V,1.8,0.06666666666666667,-1.73,-2600.0,merrie-nene,Castor Extract@kerys-pladenn; Water@merrie-gael; Small Vial@inis_gallia-morvan
Minor Healing Potion I,2.0,0.25,-1.75,-700.0,merrie-wiht,Crown Beard Extract@ancien-astarac; Water@merrie-gael; Small Vial@inis_gallia-morvan
Basic Forge Parts,2.77,1.0,-1.77,-176.7,kerys-aven,Long Wood Stock@kerys-aven; Rough Animal Hide@inis_gallia-vitry; Sapwood@kerys-retz; Gneiss@kerys-dolavon
Attuned Bronze Greatsword,2.8,1.0,-1.8,-180.0,kerys-vanes,Dandelion@merrie-ardbog; Bronze Sword Blade@merrie-caster; Sapwood@kerys-retz
Lime Mortar,2.05,0.25,-1.8,-720.0,kerys-aven,Lime@inis_gallia-trecassis; Water@merrie-gael; Sand@inis_gallia-trecassis
Minor Health Tonic I,1.9,0.05,-1.85,-3700.0,inis_gallia-javerdus,Death Cap Extract@merrie-ardbog; Water@merrie-gael; Small Vial@inis_gallia-morvan
Oat Flour,2.0,0.1,-1.9,-1900.0,merrie-ardbog,Oat Grain@ancien-gravas
Shepherd's Smock of Blooming Fold,2.92,1.0,-1.92,-192.0,kerys-llydaw,Sewing Needles@kerys-dreger; Coarse Linen Cloth@kerys-ewyas; Wood Buttons@ancien-tursan
Spear Shaft,2.2,0.25,-1.95,-780.0,kerys-tremen,Long Wood Stock@kerys-aven; Coarse Leather Band@kerys-bronyr; Bronze Nails@merrie-yarborn
Glass,4.0,2.0,-2.0,-100.0,ancien-tolosa,Sand@inis_gallia-trecassis; Charcoal@merrie-nene
Shiny Silver Bracelet,3.0,1.0,-2.0,-200.0,kerys-aven,Wrought Iron Ingot@ancien-astarac
Mountain Roast,2.11,0.1,-2.01,-2011.1,ancien-lavedan,Garlic@kerys-pladenn; Deer Shank Meat@kerys-ewyas; Tallow@merrie-wiht
Springtime Stew,2.13,0.1,-2.03,-2030.0,merrie-down,Red Onion@ancien-tursan; Mustard@kerys-aven; Garlic@kerys-pladenn; Penny Bun@kerys-bronyr; Lard@kerys-dreger
Chamois Sausage,2.16,0.10714285714285714,-2.05,-1916.0,ancien-salias,Deer Intestines@inis_gallia-nones; Chamois Shank Meat@merrie-shire; Lard@kerys-dreger; Parsley@ancien-tolosa
Bed,3.07,1.0,-2.07,-206.7,ancien-armanhac,Plank@inis_gallia-langres; Wooden Beam@ancien-maremna; Straw@ancien-lavedan; Coarse Linen Cloth@kerys-ewyas
Hearth Tunic,3.1,1.0,-2.1,-210.0,kerys-aven,Linen Cloth@kerys-aven; Wool Yarn@kerys-llydaw; Sewing Needles@kerys-dreger
Traveler’s Mantle,3.1,1.0,-2.1,-210.0,merrie-ardbog,Linen Cloth@kerys-aven; Wool Yarn@kerys-llydaw; Sewing Needles@kerys-dreger
Founders Finery,5.13,3.0,-2.13,-71.1,kerys-pladenn,Sewing Needles@kerys-dreger; Linen String@merrie-caster; Coarse Linen Cloth@kerys-ewyas
Trail Pie,2.2,0.05,-2.15,-4300.0,merrie-nene,Barley Dough@kerys-tremen; Lard@kerys-dreger
Quilted Linen Padding,2.57,0.4,-2.17,-541.7,inis_gallia-nones,Coarse Linen Cloth@kerys-ewyas; Linen String@merrie-caster; Sewing Needles@kerys-dreger
Pilgrim's Hood II,3.18,1.0,-2.18,-218.0,inis_gallia-trecassis,Sewing Needles@kerys-dreger; Linen Cloth@kerys-aven; Wool Yarn@kerys-llydaw
Pilgrim's Gloves II,3.4,1.0,-2.4,-240.0,merrie-shire,Suede Leather@kerys-tremen; Linen String@merrie-caster
Iron Wire,2.5,0.07692307692307693,-2.42,-3150.0,ancien-armanhac,Iron Ingot@merrie-yarborn
Plain Ale,2.55,0.1,-2.45,-2450.0,kerys-dolavon,Weak Ale Base@inis_gallia-aras; Yeast@ancien-astarac; Water@merrie-gael
Fine Venison Sausage,2.76,0.3,-2.46,-820.0,inis_gallia-ardennes,Deer Intestines@inis_gallia-nones; Deer Round Meat@kerys-pladenn; Lard@kerys-dreger; Rosemary@kerys-pladenn
Basic Weaponsmithing Tools,3.53,1.0,-2.53,-253.3,inis_gallia-langres,Bronze Ingot@kerys-pladenn; Long Wood Stock@kerys-aven
Basic Armorer Tools,3.53,1.0,-2.53,-253.3,inis_gallia-vitry,Bronze Ingot@kerys-pladenn; Long Wood Stock@kerys-aven
Pilgrim's Helmet,3.6,1.0,-2.6,-260.0,kerys-retz,Bronze Sheet@inis_gallia-trecassis
Attuned Two-handed Bronze Spear,4.6,2.0,-2.6,-130.0,kerys-bronyr,Tansy Extract@kerys-aven; Long Wood Stock@kerys-aven; Bronze Spike@merrie-gael
Rough Onyx Ring,10.67,8.0,-2.67,-33.3,merrie-down,Bronze Ingot@kerys-pladenn; Onyx@merrie-shire
Rough Glass,2.8,0.1,-2.7,-2700.0,inis_gallia-langres,Sand@inis_gallia-trecassis; Charcoal@merrie-nene
Pilgrim's Gauntlets II,4.74,2.0,-2.74,-137.2,ancien-tolosa,Iron Wire@ancien-armanhac; Coarse Linen Cloth@kerys-ewyas
Farmhouse Roast,3.0,0.2,-2.8,-1400.0,inis_gallia-ardennes,Parsley@ancien-tolosa; Deer Rump Meat@merrie-shire; Tallow@merrie-wiht
Pilgrim's Sabatons,3.8,1.0,-2.8,-280.0,kerys-dolavon,Dandelion@merrie-ardbog; Bronze Sheet@inis_gallia-trecassis
Elderberry Syrup,3.23,0.4,-2.83,-706.5,ancien-gravas,Water@merrie-gael; Elderberry@inis_gallia-ardennes
Clay Shingles,3.0,0.1,-2.9,-2900.0,merrie-nene,Clay@inis_gallia-nones; Charcoal@merrie-nene
Rosemary Tea,3.15,0.25,-2.9,-1160.0,inis_gallia-ardennes,Water@merrie-gael; Rosemary@kerys-pladenn; Red Poppy@inis_gallia-nones
Cinderlace Hose,7.9,5.0,-2.9,-58.0,merrie-shire,Linen Cloth@kerys-aven; Wool Yarn@kerys-llydaw; Sewing Needles@kerys-dreger; Silver Thread@inis_gallia-langres
Pilgrim's Breeches II,4.94,2.0,-2.94,-147.0,ancien-gravas,Sewing Needles@kerys-dreger; Linen Cloth@kerys-aven; Coarse Leather String@ancien-volvestre; Bronze Buckle@inis_gallia-nones; Coarse Leather Band@kerys-bronyr
Deadly Nightshade Fruit Extract,5.45,2.5,-2.95,-118.0,ancien-astarac,Nightshade Fruit@ancien-tolosa; Charcoal@merrie-nene; Water@merrie-gael
Sword Hilt,16.0,13.0,-3.0,-23.1,kerys-aven,Iron Bar@inis_gallia-nones; Bronze Spike@merrie-gael; Coarse Leather Band@kerys-bronyr
Tanned Hide Rug,5.0,2.0,-3.0,-150.0,ancien-armanhac,Animal Hide@inis_gallia-atigny
Harvest Gold Ale,3.1,0.1,-3.0,-3000.0,kerys-bronyr,Weak Ale Base@inis_gallia-aras; Yeast@ancien-astarac; Water@merrie-gael; Honey@kerys-retz
Snowveil Boots,8.02,5.0,-3.02,-60.4,kerys-pladenn,Fine Leather@kerys-aven; Sewing Needles@kerys-dreger
Crimson Court Gown,23.1,20.0,-3.1,-15.5,ancien-lavedan,Linen Cloth@kerys-aven; Wool Yarn@kerys-llydaw; Sewing Needles@kerys-dreger; Aurum Thread@inis_gallia-vitry
Two-handed Bronze Spear,4.1,1.0,-3.1,-310.0,merrie-yarborn,Long Wood Stock@kerys-aven; Bronze Spike@merrie-gael
Bronze Handspear,4.1,1.0,-3.1,-310.0,merrie-nene,Long Wood Stock@kerys-aven; Bronze Spike@merrie-gael
Narrow Square Shutter,5.62,2.5,-3.12,-124.8,inis_gallia-vitry,Plank@inis_gallia-langres; Iron Nails@merrie-nene; Iron Hinges@merrie-ulaid
Square Shutter,5.62,2.5,-3.12,-124.8,inis_gallia-vitry,Plank@inis_gallia-langres; Iron Nails@merrie-nene; Iron Hinges@merrie-ulaid
Attuned Bronze Handspear,4.22,1.0,-3.22,-322.0,kerys-ewyas,Bee Balm@inis_gallia-nones; Long Wood Stock@kerys-aven; Bronze Spike@merrie-gael
Bronze Arrowhead,3.33,0.02,-3.31,-16566.7,kerys-ewyas,Bronze Ingot@kerys-pladenn
Attuned Iron Broadsword,78.5,75.0,-3.5,-4.7,kerys-aven,Worn Out Locket@ancien-gravas; Iron Sword Blade@ancien-gravas; Sword Hilt@kerys-aven; Iron Bar@inis_gallia-nones; Coarse Leather Band@kerys-bronyr
Coarse Linen Cloth,4.4,0.8333333333333334,-3.57,-428.0,kerys-ewyas,Linen String@merrie-caster
Golden Barley Water,3.63,0.05,-3.58,-7152.4,inis_gallia-javerdus,Water@merrie-gael; Barley Stalks@kerys-bronyr; Elderberry@inis_gallia-ardennes
Malt,4.0,0.4,-3.6,-900.0,kerys-aven,Barley Grain@merrie-ulaid
Slender Silver Bracelet,6.6,3.0,-3.6,-120.0,ancien-lavedan,Silver Ingot@ancien-tolosa
Fire Resistance II,5.13,1.5,-3.63,-242.2,kerys-tremen,Pasque Flower Extract@merrie-down; Water@merrie-gael; Vial@ancien-lavedan
Summer heat,4.04,0.4,-3.64,-910.0,ancien-tursan,Red Apple@merrie-ulaid; Water@merrie-gael; Honey@kerys-retz; Raspberry Syrup@inis_gallia-atigny
Minor Healing Potion III,4.53,0.75,-3.78,-504.4,merrie-ulaid,Fool's Webcap Extract@kerys-aven; Water@merrie-gael; Vial@ancien-lavedan
Barley Flour,4.0,0.15,-3.85,-2566.7,inis_gallia-langres,Barley Grain@merrie-ulaid
Skullcap Extract,5.45,1.5,-3.95,-263.3,inis_gallia-langres,Skullcap@inis_gallia-nones; Charcoal@merrie-nene; Water@merrie-gael
Duskwrap Boots,8.02,4.0,-4.02,-100.5,kerys-bronyr,Fine Leather@kerys-aven; Sewing Needles@kerys-dreger
Poison Resistance II,4.53,0.5,-4.03,-806.7,inis_gallia-ardennes,Red Poppy Extract@kerys-aven; Water@merrie-gael; Vial@ancien-lavedan
Inferior Leather,4.6,0.5,-4.1,-820.0,kerys-tremen,Rawhide@kerys-bronyr; Lime@inis_gallia-trecassis; Water@merrie-gael
Horn Needles,5.0,0.9,-4.1,-455.6,merrie-ulaid,Antler@kerys-retz
Minor Tonic of Vitality II,4.53,0.25,-4.28,-1713.3,inis_gallia-ardennes,Red Poppy Extract@kerys-aven; Water@merrie-gael; Vial@ancien-lavedan
Brick,4.8,0.5,-4.3,-860.0,kerys-aven,Clay@inis_gallia-nones; Charcoal@merrie-nene
Iron Chopping Axe,5.3,1.0,-4.3,-430.0,inis_gallia-nones,Long Wood Stock@kerys-aven; Iron Axe Head@ancien-tolosa; Coarse Leather Band@kerys-bronyr
Clan Tabard,5.34,1.0,-4.34,-434.0,merrie-nene,Sewing Needles@kerys-dreger; Coarse Linen Cloth@kerys-ewyas
Bladder Campion Extract,5.45,1.0,-4.45,-445.0,merrie-shire,Bladder Campion@merrie-shire; Charcoal@merrie-nene; Water@merrie-gael
Pasque Flower Extract,4.95,0.45,-4.5,-1000.0,merrie-down,Pasque Flower@inis_gallia-langres; Charcoal@merrie-nene; Water@merrie-gael
Wheat Flour,5.0,0.5,-4.5,-900.0,merrie-nene,Wheat Grain@kerys-tremen
Pilgrim's Pants IV,54.52,50.0,-4.52,-9.0,kerys-retz,Medium Top Grain Leather@inis_gallia-aras; Cotton Cord@merrie-nene; Bronze Studs@kerys-bronyr; Linseed Oil@inis_gallia-javerdus; Leather String@kerys-tremen
Vegetable Stew,4.63,0.1,-4.53,-4530.0,inis_gallia-jura,Red Onion@ancien-tursan; Mustard@kerys-aven; Garlic@kerys-pladenn; Enoki@ancien-gravas; Lard@kerys-dreger
Simple Silver Bracelet,6.6,2.0,-4.6,-230.0,ancien-lavedan,Silver Ingot@ancien-tolosa
Simple Wooden Door,5.62,1.0,-4.62,-462.0,kerys-aven,Plank@inis_gallia-langres; Iron Nails@merrie-nene; Iron Hinges@merrie-ulaid
Silver Tipped Arrow,5.0,0.32,-4.68,-1462.5,kerys-pladenn,Long Wood Stock@kerys-aven; Silver Arrowhead@inis_gallia-langres
Rye Flour,5.0,0.25,-4.75,-1900.0,inis_gallia-trecassis,Rye Grain@kerys-tremen
Wrought Iron Bar,15.0,10.0,-5.0,-50.0,inis_gallia-langres,Wrought Iron Ingot@ancien-astarac
Umberlace Shoes,8.02,3.0,-5.02,-167.3,merrie-ulaid,Fine Leather@kerys-aven; Sewing Needles@kerys-dreger
Aegis Potion VIII,5.28,0.25,-5.03,-2013.3,inis_gallia-ardennes,Starwort Extract@kerys-dolavon; Water@merrie-gael; Vial@ancien-lavedan
Aegis Potion VII,5.28,0.25,-5.03,-2013.3,ancien-lavedan,Starwort Extract@kerys-dolavon; Water@merrie-gael; Vial@ancien-lavedan
Horn Buttons,5.08,0.04,-5.04,-12600.0,kerys-aven,Antler@kerys-retz; Wool Yarn@kerys-llydaw
Roasted Cabbage Stew,5.21,0.15,-5.06,-3370.5,ancien-tolosa,Yellow Onion@inis_gallia-nones; Mustard@kerys-aven; Dapperling@ancien-armanhac; Red Cabbage@inis_gallia-javerdus; Lard@kerys-dreger
Aegis Potion VI,5.23,0.15,-5.08,-3388.9,inis_gallia-aras,Starwort Extract@kerys-dolavon; Water@merrie-gael; Vial@ancien-lavedan
Minor Healing Potion II,5.58,0.4,-5.18,-1295.8,ancien-armanhac,Crown Beard Extract@ancien-astarac; Water@merrie-gael; Vial@ancien-lavedan
Minor Health Tonic II,5.43,0.25,-5.18,-2073.3,kerys-tremen,Death Cap Extract@merrie-ardbog; Water@merrie-gael; Vial@ancien-lavedan
Pilgrim's Gloves III,6.2,1.0,-5.2,-520.0,merrie-down,Boiled Leather@kerys-aven; Wool Yarn@kerys-llydaw; Linseed Oil@inis_gallia-javerdus
Dressed up Porridge,6.79,1.5,-5.29,-352.7,kerys-bronyr,Water@merrie-gael; Barley Grain@merrie-ulaid; Boar Rump Meat@kerys-pladenn; Oyster Mushroom@ancien-astarac; Tallow@merrie-wiht
Attuned Bronze Heater,7.45,2.0,-5.45,-272.5,kerys-retz,Citrine@ancien-gravas; Plank@inis_gallia-langres; Bronze Sheet@inis_gallia-trecassis
Yeast,6.0,0.42,-5.58,-1328.6,ancien-astarac,Water@merrie-gael; Rye Flour@inis_gallia-trecassis
Fennel Tea,5.75,0.1,-5.65,-5650.0,inis_gallia-ardennes,Water@merrie-gael; Fennel@inis_gallia-javerdus; Pasque Flower@inis_gallia-langres
Broad Onyx Bronze Ring,10.67,5.0,-5.67,-113.3,ancien-volvestre,Bronze Ingot@kerys-pladenn; Onyx@merrie-shire
Pilgrim's Gauntlets,6.67,1.0,-5.67,-566.7,kerys-dolavon,Bronze Ingot@kerys-pladenn
Meat Chunks,6.0,0.02,-5.98,-29900.0,kerys-retz,Deer Carcass@kerys-aven
Oakwarden’s Tiara,8.02,2.0,-6.02,-301.0,kerys-dolavon,Bronze Ingot@kerys-pladenn; Sewing Needles@kerys-dreger
Bronze Knot Circlet,8.02,2.0,-6.02,-301.0,kerys-dolavon,Bronze Ingot@kerys-pladenn; Sewing Needles@kerys-dreger
Silver Serving Plate,6.64,0.5,-6.14,-1228.0,kerys-dolavon,Silver Ingot@ancien-tolosa; Tallow@merrie-wiht
Minor Tonic of Vitality I,6.73,0.55,-6.18,-1124.2,merrie-yarborn,Golden Poppy Extract@kerys-aven; Water@merrie-gael; Vial@ancien-lavedan
Iron Arrowhead,6.25,0.04,-6.21,-15525.0,ancien-astarac,Iron Ingot@merrie-yarborn
Fletching Tools,26.3,20.0,-6.3,-31.5,inis_gallia-aras,Heavy Top Grain Leather@kerys-aven; Iron Knife Blade@merrie-ulaid; Iron Nails@merrie-nene; Linseed Oil@inis_gallia-javerdus
Meadow Song Ale,6.35,0.05263157894736842,-6.3,-11965.0,ancien-gravas,Cloudy Ale Base@inis_gallia-trecassis; Yeast@ancien-astarac; Water@merrie-gael
Bronze Heater,7.4,1.0,-6.4,-640.0,kerys-retz,Plank@inis_gallia-langres; Bronze Sheet@inis_gallia-trecassis
Cotton Cord,8.0,1.5,-6.5,-433.3,merrie-nene,Cotton Fiber@merrie-shire
Quilted Wool Padding,8.5,2.0,-6.5,-325.0,inis_gallia-langres,Coarse Wool Cloth@merrie-gael; Linen String@merrie-caster; Sewing Needles@kerys-dreger
Steady Mind I,6.73,0.2,-6.53,-3266.7,inis_gallia-javerdus,Golden Poppy Extract@kerys-aven; Water@merrie-gael; Vial@ancien-lavedan
Potion of Spirit I,6.73,0.2,-6.53,-3266.7,inis_gallia-javerdus,High Mallow Extract@merrie-shire; Water@merrie-gael; Vial@ancien-lavedan
Pure Glass,7.2,0.5,-6.7,-1340.0,ancien-tolosa,Sand@inis_gallia-trecassis; Charcoal@merrie-nene
Stuffed Linen Padding,8.3,1.6,-6.7,-418.7,merrie-shire,Linen Cloth@kerys-aven; Linen String@merrie-caster; Sewing Needles@kerys-dreger
Attuned Bronze Greatmaul,8.71,2.0,-6.71,-335.3,kerys-retz,Daisy@inis_gallia-trecassis; Long Wood Stock@kerys-aven; Bronze Ingot@kerys-pladenn; Bronze Sheet@inis_gallia-trecassis
Chamois Steak,7.2,0.25,-6.95,-2780.0,inis_gallia-ardennes,Rosemary@kerys-pladenn; Chamois Round Meat@kerys-pladenn; Tallow@merrie-wiht
Pilgrim's Pants II,7.96,1.0,-6.96,-696.0,ancien-tursan,Suede Leather@kerys-tremen; Linen String@merrie-caster; Bronze Studs@kerys-bronyr; Coarse Leather String@ancien-volvestre
Decorated Chest,31.2,24.0,-7.2,-30.0,kerys-aven,Fine Wooden Plank@kerys-dolavon; Iron Nails@merrie-nene; Wrought Iron Hinges@ancien-astarac; Coarse Cotton Cloth@inis_gallia-vitry
Minor Health Tonic III,8.28,1.0,-7.28,-728.3,ancien-volvestre,Skullcap Extract@inis_gallia-langres; Water@merrie-gael; Vial@ancien-lavedan
Pilgrim's Bracers III,9.3,2.0,-7.3,-365.0,ancien-lavedan,Boiled Leather@kerys-aven; Leather Straps@inis_gallia-langres; Leather Pads@ancien-lavedan; Stuffed Linen Padding@merrie-shire; Linseed Oil@inis_gallia-javerdus
Animal Hide,8.0,0.5,-7.5,-1500.0,inis_gallia-atigny,Large Animal Hide@ancien-armanhac
Boiled Leather,8.35,0.75,-7.6,-1013.3,kerys-aven,Inferior Leather@kerys-tremen; Lime@inis_gallia-trecassis; Water@merrie-gael
Bronze Mace,8.67,1.0,-7.67,-766.7,kerys-dolavon,Long Wood Stock@kerys-aven; Bronze Ingot@kerys-pladenn; Bronze Sheet@inis_gallia-trecassis
Bronze Greatmaul,8.67,1.0,-7.67,-766.7,merrie-yarborn,Long Wood Stock@kerys-aven; Bronze Ingot@kerys-pladenn; Bronze Sheet@inis_gallia-trecassis
Garden Wheelbarrow,12.68,5.0,-7.68,-153.6,inis_gallia-langres,Plank@inis_gallia-langres; Wooden Beam@ancien-maremna; Bronze Bar@inis_gallia-nones
Steelhead Arrow,8.0,0.26,-7.74,-2976.9,kerys-pladenn,Long Wood Stock@kerys-aven; Steel Arrowhead@inis_gallia-langres
Tin Ingot,8.0,0.06666666666666667,-7.93,-11900.0,kerys-bronyr,Tin Ore@merrie-down; Charcoal@merrie-nene
Attuned Bronze Mace,8.97,1.0,-7.97,-796.7,kerys-llydaw,Meadowsweet Extract@inis_gallia-vitry; Long Wood Stock@kerys-aven; Bronze Ingot@kerys-pladenn; Bronze Sheet@inis_gallia-trecassis
Pilgrim's Legguards,9.0,1.0,-8.0,-800.0,kerys-dolavon,Bronze Sheet@inis_gallia-trecassis
Warrior's Cuirass of Windlash,9.0,1.0,-8.0,-800.0,kerys-dreger,Bronze Sheet@inis_gallia-trecassis
Rosy Oat Bread,8.28,0.25,-8.03,-3212.0,kerys-vanes,Oat Dough@kerys-tremen; Rosehip@merrie-down; Tallow@merrie-wiht
Elegant Stinkhorn Extract,10.45,2.25,-8.2,-364.4,inis_gallia-langres,Elegant Stinkhorn@kerys-dolavon; Charcoal@merrie-nene; Water@merrie-gael
Pilgrim's Breastplate,9.2,1.0,-8.2,-820.0,kerys-dolavon,Plantago@ancien-armanhac; Bronze Sheet@inis_gallia-trecassis
Cloudy Mead Base,8.7,0.4,-8.3,-2075.0,ancien-tursan,Malt@kerys-aven; Yeast@ancien-astarac; Water@merrie-gael
Bronze Axe Head,10.33,2.0,-8.33,-416.7,ancien-armanhac,Bronze Sheet@inis_gallia-trecassis; Bronze Ingot@kerys-pladenn
Weak Mead Base,8.7,0.25,-8.45,-3380.0,ancien-volvestre,Malt@kerys-aven; Yeast@ancien-astarac; Water@merrie-gael
Fatty Boar Stew,9.09,0.5,-8.59,-1718.6,inis_gallia-ardennes,Meat Strips@kerys-dreger; Yellow Onion@inis_gallia-nones; Boar Round Meat@merrie-shire; Bay Bolete@kerys-aven
Pilgrim's Armbands III,15.67,7.0,-8.67,-123.9,ancien-gravas,Horn Needles@merrie-ulaid; Fine Linen Cloth@inis_gallia-nones; Linen String@merrie-caster; Coarse Leather String@ancien-volvestre
Bronze Buckle,9.0,0.2,-8.8,-4400.0,inis_gallia-nones,Bronze Sheet@inis_gallia-trecassis
Ironside's Greaves of Vital Pulse,10.0,1.0,-9.0,-900.0,ancien-lavedan,Bronze Ingot@kerys-pladenn
Alchemy Instruments,109.0,100.0,-9.0,-9.0,merrie-nene,Glass@ancien-tolosa; Boiled Leather@kerys-aven; Bronze Bar@inis_gallia-nones; Nightshade Fruit@ancien-tolosa
Basic Jewelcrafting Tools,11.23,2.0,-9.23,-461.7,inis_gallia-nones,Copper Ingot@merrie-ardbog; Rawhide@kerys-bronyr; Iron Knife Blade@merrie-ulaid; Rough Glass@inis_gallia-langres
Silver Buttons,9.6,0.3,-9.3,-3100.0,ancien-lavedan,Silver Ingot@ancien-tolosa; Cotton Cord@merrie-nene
Butcher's Tools,30.4,21.0,-9.4,-44.8,inis_gallia-morvan,Linen Cloth@kerys-aven; Iron Knife Blade@merrie-ulaid; Long Wood Stock@kerys-aven; Fine Wooden Plank@kerys-dolavon
Onyx Bronze Ring,10.67,1.0,-9.67,-966.7,ancien-lavedan,Bronze Ingot@kerys-pladenn; Onyx@merrie-shire
Potion of Spirit II,9.78,0.1,-9.68,-9683.3,kerys-bronyr,Wolfsbane Leaf Extract@merrie-ulaid; Water@merrie-gael; Vial@ancien-lavedan
Wrought Iron Nails,10.0,0.1,-9.9,-9900.0,kerys-llydaw,Wrought Iron Bar@inis_gallia-langres
Wrought Iron Studs,10.0,0.025,-9.98,-39900.0,ancien-lavedan,Wrought Iron Bar@inis_gallia-langres
Pilgrim's Breeches III,15.0,5.0,-10.0,-200.0,merrie-down,Horn Needles@merrie-ulaid; Fine Linen Cloth@inis_gallia-nones; Rough Leather Straps@kerys-aven
Fine Wooden Tankard,11.7,1.0,-10.7,-1070.0,ancien-armanhac,Fine Wooden Plank@kerys-dolavon; Iron Bar@inis_gallia-nones
Hunters Chandelier,15.81,5.0,-10.81,-216.2,merrie-nene,Antler@kerys-retz; Copper Ingot@merrie-ardbog; Resin@kerys-llydaw
Linen Cloth,12.5,1.5,-11.0,-733.3,kerys-aven,Coarse Linen Cloth@kerys-ewyas
Fine Leather,12.1,1.0,-11.1,-1110.0,kerys-aven,Boiled Leather@kerys-aven; Lime@inis_gallia-trecassis; Water@merrie-gael
Iron Nails,11.5,0.08,-11.42,-14275.0,merrie-nene,Iron Bar@inis_gallia-nones
Iron Studs,11.5,0.01,-11.49,-114900.0,ancien-astarac,Iron Bar@inis_gallia-nones
Pilgrim's Hood III,14.5,3.0,-11.5,-383.3,ancien-lavedan,Horn Needles@merrie-ulaid; Fine Linen Cloth@inis_gallia-nones; Cotton Cord@merrie-nene
Polished Bronze Skinning Knife,12.6,1.0,-11.6,-1160.0,kerys-vanes,Bronze Bar@inis_gallia-nones; Sapwood@kerys-retz
Bronze Skinning Knife,12.6,1.0,-11.6,-1160.0,kerys-dreger,Bronze Bar@inis_gallia-nones; Sapwood@kerys-retz
Bronze Pickaxe,12.6,1.0,-11.6,-1160.0,kerys-retz,Bronze Bar@inis_gallia-nones; Sapwood@kerys-retz
Polished Bronze Pickaxe,12.6,1.0,-11.6,-1160.0,kerys-bronyr,Long Wood Stock@kerys-aven; Bronze Bar@inis_gallia-nones
Silver Opal Amulet,56.6,45.0,-11.6,-25.8,kerys-tremen,Silver Ingot@ancien-tolosa; Opal@kerys-aven
Copper Ingot,12.0,0.36666666666666664,-11.63,-3172.7,merrie-ardbog,Copper Ore@inis_gallia-aras; Charcoal@merrie-nene
Pilgrim's Mitts III,15.63,4.0,-11.63,-290.8,ancien-lavedan,Horn Needles@merrie-ulaid; Fine Linen Cloth@inis_gallia-nones; Linen String@merrie-caster
Iron Battleaxe,14.75,3.0,-11.75,-391.7,kerys-tremen,Axe Handle@ancien-astarac; Iron Axe Head@ancien-tolosa; Bronze Nails@merrie-yarborn; Coarse Leather Band@kerys-bronyr
Fruity Rye Bread,12.07,0.05,-12.02,-24049.5,merrie-down,Rye Dough@inis_gallia-vitry; Elderberry@inis_gallia-ardennes; Lard@kerys-dreger
Iron Skinning Knife,13.3,1.0,-12.3,-1230.0,ancien-gravas,Iron Knife Blade@merrie-ulaid; Long Wood Stock@kerys-aven; Iron Sheet@inis_gallia-langres; Coarse Leather Band@kerys-bronyr
Bronze Nails,12.5,0.15,-12.35,-8233.3,merrie-yarborn,Bronze Bar@inis_gallia-nones
Corded Linen Padding,24.9,12.5,-12.4,-99.2,ancien-lavedan,Fine Linen Cloth@inis_gallia-nones; Linen String@merrie-caster; Glue@inis_gallia-aras
Weak Beer Base,13.7,1.25,-12.45,-996.0,ancien-tursan,Malt@kerys-aven; Hops@ancien-maremna; Water@merrie-gael; Yeast@ancien-astarac
Bronze Studs,12.5,0.01,-12.49,-124900.0,kerys-bronyr,Bronze Bar@inis_gallia-nones
Pilgrim's Helmcap IV,42.5,30.0,-12.5,-41.7,kerys-retz,Medium Top Grain Leather@inis_gallia-aras; Wool Felt@kerys-aven; Cotton Cord@merrie-nene; Linseed Oil@inis_gallia-javerdus
Weak Ale Base,12.7,0.1,-12.6,-12600.0,inis_gallia-aras,Malt@kerys-aven; Yeast@ancien-astarac; Water@merrie-gael
Silver Plate,13.28,0.5,-12.78,-2556.0,ancien-tolosa,Silver Ingot@ancien-tolosa; Tallow@merrie-wiht
Glazed Tiles,14.0,0.9,-13.1,-1455.6,inis_gallia-ardennes,Clay@inis_gallia-nones; Charcoal@merrie-nene; Sand@inis_gallia-trecassis
Iron Hinges,15.5,2.25,-13.25,-588.9,merrie-ulaid,Iron Sheet@inis_gallia-langres; Bronze Nails@merrie-yarborn
Hunter's Bow,18.3,5.0,-13.3,-266.0,kerys-pladenn,Bow Stave@kerys-pladenn; Boar Sinew@merrie-ardbog; Linseed Oil@inis_gallia-javerdus; Coarse Leather Band@kerys-bronyr
Iron Knife Blade,23.0,9.0,-14.0,-155.6,merrie-ulaid,Iron Bar@inis_gallia-nones
Iron Oak Tiara,15.02,1.0,-14.02,-1402.0,kerys-dreger,Iron Ingot@merrie-yarborn; Sewing Needles@kerys-dreger
Iron Bind Circlet,15.02,1.0,-14.02,-1402.0,ancien-maremna,Iron Ingot@merrie-yarborn; Sewing Needles@kerys-dreger
Small Wooden Barrel,15.58,1.0,-14.58,-1458.0,kerys-dolavon,Plank@inis_gallia-langres; Bronze Bar@inis_gallia-nones; Bronze Nails@merrie-yarborn
Wrought Iron Arrowhead,15.0,0.22,-14.78,-6718.2,kerys-pladenn,Wrought Iron Ingot@ancien-astarac
Broad Silver Plate,19.92,5.0,-14.92,-298.4,inis_gallia-langres,Silver Ingot@ancien-tolosa; Tallow@merrie-wiht
Cloudy Ale Base,16.7,0.8,-15.9,-1987.5,inis_gallia-trecassis,Malt@kerys-aven; Yeast@ancien-astarac; Water@merrie-gael
Griffin Chest,31.2,15.0,-16.2,-108.0,ancien-volvestre,Fine Wooden Plank@kerys-dolavon; Iron Nails@merrie-nene; Wrought Iron Hinges@ancien-astarac; Coarse Cotton Cloth@inis_gallia-vitry
Iron Ingot,18.0,1.25,-16.75,-1340.0,merrie-yarborn,Impure Iron Ore@kerys-bronyr; Charcoal@merrie-nene
Wrought Iron Mace,42.3,25.0,-17.3,-69.2,kerys-aven,Mace Grip@inis_gallia-jura; Wrought Iron Ingot@ancien-astarac; Wrought Iron Spike@ancien-tursan; Coarse Leather Band@kerys-bronyr; Iron Nails@merrie-nene
Iron Axe Head,22.5,5.0,-17.5,-350.0,ancien-tolosa,Iron Sheet@inis_gallia-langres; Iron Ingot@merrie-yarborn
Aurum Buttons,23.0,5.0,-18.0,-360.0,kerys-dolavon,Aurum Ingot@merrie-yarborn; Cotton Cord@merrie-nene
Brushed Gold Bracelet,20.0,2.0,-18.0,-900.0,merrie-ulaid,Aurum Ingot@merrie-yarborn
Jewelcrafting Tools,68.12,50.0,-18.12,-36.2,kerys-dolavon,Amber@inis_gallia-aras; Heavy Top Grain Leather@kerys-aven; Bronze Bar@inis_gallia-nones; Bronze Ingot@kerys-pladenn
Pilgrim's Vambraces II,20.8,2.0,-18.8,-940.0,ancien-tolosa,Iron Sheet@inis_gallia-langres; Coarse Leather Band@kerys-bronyr; Bronze Buckle@inis_gallia-nones; Iron Studs@ancien-astarac
Pilgrim's Pants III,23.26,4.0,-19.26,-481.5,ancien-lavedan,Boiled Leather@kerys-aven; Wool Yarn@kerys-llydaw; Bronze Studs@kerys-bronyr; Linseed Oil@inis_gallia-javerdus; Coarse Leather String@ancien-volvestre
Attuned Staff of Divine II,319.55,300.0,-19.55,-6.5,kerys-pladenn,Cracked Ethereal Crystal@kerys-aven; Tansy Extract@kerys-aven; Spear Shaft@kerys-tremen; Iron Bar@inis_gallia-nones; Linen String@merrie-caster; Coarse Leather Band@kerys-bronyr
Wool Yarn,20.0,0.04,-19.96,-49900.0,kerys-llydaw,Wool Fiber@merrie-ardbog
Attuned Staff of Zephyr II,320.55,300.0,-20.55,-6.9,kerys-pladenn,Cracked Ethereal Crystal@kerys-aven; Lavender Extract@inis_gallia-langres; Spear Shaft@kerys-tremen; Iron Bar@inis_gallia-nones; Linen String@merrie-caster; Coarse Leather Band@kerys-bronyr
Bronze Spike,25.0,4.0,-21.0,-525.0,merrie-gael,Bronze Bar@inis_gallia-nones
Fine Linen Cloth,22.5,1.25,-21.25,-1700.0,inis_gallia-nones,Linen Cloth@kerys-aven
Shiny Gold Earring,26.6,5.0,-21.6,-432.0,ancien-lavedan,Silver Ingot@ancien-tolosa; Pearl@kerys-dolavon
Iron Heater,22.6,1.0,-21.6,-2160.0,kerys-retz,Plank@inis_gallia-langres; Iron Sheet@inis_gallia-langres; Iron Studs@ancien-astarac; Coarse Leather Band@kerys-bronyr
Wrought Iron Pickaxe,36.75,15.0,-21.75,-145.0,ancien-lavedan,Axe Handle@ancien-astarac; Wrought Iron Spike@ancien-tursan; Wrought Iron Bar@inis_gallia-langres; Coarse Leather Band@kerys-bronyr
Ivorylace Hose,43.1,20.0,-23.1,-115.5,kerys-bronyr,Linen Cloth@kerys-aven; Wool Yarn@kerys-llydaw; Sewing Needles@kerys-dreger; Aurum Thread@inis_gallia-vitry
Large Potion of Spirit II,30.25,6.0,-24.25,-404.2,inis_gallia-javerdus,Loios' Tears Leaf Extract@merrie-gael; Water@merrie-gael; Large Vial@ancien-astarac
Two-handed Wrought Iron Spear,40.25,16.0,-24.25,-151.6,kerys-pladenn,Spear Shaft@kerys-tremen; Wrought Iron Spike@ancien-tursan; Bronze Nails@merrie-yarborn; Coarse Leather Band@kerys-bronyr; Wrought Iron Bar@inis_gallia-langres
Tonic of Vitality I,30.25,6.0,-24.25,-404.2,inis_gallia-javerdus,Loios' Tears Leaf Extract@merrie-gael; Water@merrie-gael; Large Vial@ancien-astarac
Tailoring Tools,29.5,5.0,-24.5,-490.0,inis_gallia-javerdus,Heavy Top Grain Leather@kerys-aven; Iron Knife Blade@merrie-ulaid; Antler@kerys-retz
Potion of the Aegis,33.25,7.5,-25.75,-343.3,inis_gallia-javerdus,Elegant Stinkhorn Extract@inis_gallia-langres; Water@merrie-gael; Large Vial@ancien-astarac
Aegis Potion X,28.25,2.5,-25.75,-1030.0,kerys-ewyas,Bladder Campion Extract@merrie-shire; Water@merrie-gael; Large Vial@ancien-astarac
Basic Alchemy Instruments,27.33,1.0,-26.33,-2633.3,ancien-armanhac,Copper Ingot@merrie-ardbog; Bronze Bar@inis_gallia-nones; Rough Glass@inis_gallia-langres
Iron Anvil Head,29.0,2.0,-27.0,-1350.0,kerys-vanes,Iron Ingot@merrie-yarborn; Charcoal@merrie-nene
Minor Tonic of Vitality III,28.25,1.0,-27.25,-2725.0,ancien-lavedan,Bladder Campion Extract@merrie-shire; Water@merrie-gael; Large Vial@ancien-astarac
Wrought Iron Greatmaul,42.3,15.0,-27.3,-182.0,inis_gallia-langres,Mace Grip@inis_gallia-jura; Wrought Iron Ingot@ancien-astarac; Wrought Iron Spike@ancien-tursan; Coarse Leather Band@kerys-bronyr; Iron Nails@merrie-nene
Wool Cloth,30.0,2.0,-28.0,-1400.0,kerys-tremen,Coarse Wool Cloth@merrie-gael
Onyx Diadem,30.37,2.0,-28.37,-1418.3,inis_gallia-atigny,Copper Ingot@merrie-ardbog; Onyx@merrie-shire
Health Tonic I,30.25,1.85,-28.4,-1535.1,kerys-ewyas,Skullcap Extract@inis_gallia-langres; Water@merrie-gael; Large Vial@ancien-astarac
Onyx Headband,30.37,1.0,-29.37,-2936.7,inis_gallia-vitry,Copper Ingot@merrie-ardbog; Onyx@merrie-shire
Wooden Barrel,31.12,1.0,-30.12,-3012.0,kerys-dolavon,Plank@inis_gallia-langres; Bronze Bar@inis_gallia-nones; Bronze Nails@merrie-yarborn
Wrought Iron Handspear,40.25,10.0,-30.25,-302.5,kerys-llydaw,Spear Shaft@kerys-tremen; Wrought Iron Spike@ancien-tursan; Bronze Nails@merrie-yarborn; Coarse Leather Band@kerys-bronyr; Wrought Iron Bar@inis_gallia-langres
Pilgrim's Vambraces III,51.0,20.0,-31.0,-155.0,kerys-llydaw,Wrought Iron Lames@kerys-bronyr; Rough Leather Straps@kerys-aven; Wrought Iron Studs@ancien-lavedan
Large Potion of Spirit I,32.25,1.0,-31.25,-3125.0,inis_gallia-jura,Wolfsbane Leaf Extract@merrie-ulaid; Water@merrie-gael; Large Vial@ancien-astarac
Silver Arrowhead,33.0,0.9,-32.1,-3566.7,inis_gallia-langres,Silver Ingot@ancien-tolosa
Cold Resistance II,34.2,2.0,-32.2,-1610.0,inis_gallia-jura,Deadly Nightshade Fruit Extract@ancien-astarac; Water@merrie-gael; Large Vial@ancien-astarac
Coarse Cotton Cloth,37.5,5.0,-32.5,-650.0,inis_gallia-vitry,Cotton Cord@merrie-nene
Harlequin Bourrelet,83.1,50.0,-33.1,-66.2,ancien-tolosa,Linen Cloth@kerys-aven; Wool Yarn@kerys-llydaw; Sewing Needles@kerys-dreger; Pearl@kerys-dolavon
Attuned Iron Battleaxe,434.75,400.0,-34.75,-8.7,kerys-pladenn,Yellow Runic Leash@kerys-tremen; Axe Handle@ancien-astarac; Iron Axe Head@ancien-tolosa; Bronze Nails@merrie-yarborn; Coarse Leather Band@kerys-bronyr
Wrought Iron Spike,50.0,15.0,-35.0,-233.3,ancien-tursan,Wrought Iron Bar@inis_gallia-langres
Silver Thread,36.6,0.6,-36.0,-6000.0,inis_gallia-langres,Silver Ingot@ancien-tolosa; Cotton Cord@merrie-nene
Wrought Iron Ingot,41.5,3.0,-38.5,-1283.3,ancien-astarac,Iron Ingot@merrie-yarborn; Charcoal@merrie-nene
Pilgrim's Helmet II,41.0,2.0,-39.0,-1950.0,inis_gallia-vitry,Iron Sheet@inis_gallia-langres; Coarse Leather Band@kerys-bronyr; Bronze Buckle@inis_gallia-nones; Iron Studs@ancien-astarac
Vial,40.0,0.6666666666666666,-39.33,-5900.0,ancien-lavedan,Glass@ancien-tolosa
Iron Sword Blade,57.5,18.0,-39.5,-219.4,ancien-gravas,Iron Bar@inis_gallia-nones
Pilgrim's Bracers IV,60.7,20.0,-40.7,-203.5,kerys-dolavon,Medium Top Grain Leather@inis_gallia-aras; Leather Pads@ancien-lavedan; Leather Straps@inis_gallia-langres; Cotton Wadding@merrie-down; Linseed Oil@inis_gallia-javerdus
Leatherworking Tools,81.6,40.0,-41.6,-104.0,merrie-yarborn,Long Fine Wood Stock@merrie-caster; Iron Knife Blade@merrie-ulaid; Inferior Leather@kerys-tremen; Bronze Bar@inis_gallia-nones
Aurum Thread,50.0,5.0,-45.0,-900.0,inis_gallia-vitry,Aurum Ingot@merrie-yarborn; Cotton Cord@merrie-nene
Large Vial,50.0,4.75,-45.25,-952.6,ancien-astarac,Glass@ancien-tolosa
Pilgrim's Legguards II,121.7,75.0,-46.7,-62.3,ancien-astarac,Iron Sheet@inis_gallia-langres; Coarse Leather Band@kerys-bronyr; Bronze Buckle@inis_gallia-nones; Iron Studs@ancien-astarac
Iron Broadsword,54.5,2.0,-52.5,-2625.0,merrie-nene,Iron Sword Blade@ancien-gravas; Sword Hilt@kerys-aven; Iron Bar@inis_gallia-nones; Coarse Leather Band@kerys-bronyr
Wrought Iron Chopping Axe,58.25,5.0,-53.25,-1065.0,kerys-dreger,Axe Handle@ancien-astarac; Wrought Iron Axe Head@kerys-bronyr; Bronze Nails@merrie-yarborn; Coarse Leather Band@kerys-bronyr
Iron Greatsword,54.5,1.0,-53.5,-5350.0,ancien-salias,Iron Sword Blade@ancien-gravas; Sword Hilt@kerys-aven; Iron Bar@inis_gallia-nones; Coarse Leather Band@kerys-bronyr
Attuned Iron Handspear,178.75,125.0,-53.75,-43.0,ancien-tolosa,Worn Out Locket@ancien-gravas; Spear Shaft@kerys-tremen; Iron Spike@inis_gallia-nones; Bronze Nails@merrie-yarborn; Coarse Leather Band@kerys-bronyr; Iron Bar@inis_gallia-nones
Sylvan Staff II,70.55,15.0,-55.55,-370.3,kerys-dolavon,Lily of the Valley Extract@kerys-dolavon; Spear Shaft@kerys-tremen; Iron Bar@inis_gallia-nones; Linen String@merrie-caster; Coarse Leather Band@kerys-bronyr
Pilgrim's Helmet III,100.94,45.0,-55.94,-124.3,ancien-astarac,Wrought Iron Lames@kerys-bronyr; Coarse Leather String@ancien-volvestre; Bronze Buckle@inis_gallia-nones; Wrought Iron Studs@ancien-lavedan
Wrought Iron Battleaxe,73.35,15.0,-58.35,-389.0,merrie-wiht,Axe Handle@ancien-astarac; Wrought Iron Axe Head@kerys-bronyr; Iron Nails@merrie-nene; Coarse Leather Band@kerys-bronyr; Wrought Iron Spike@ancien-tursan
Steel Arrowhead,60.0,1.5,-58.5,-3900.0,inis_gallia-langres,Steel Ingot@kerys-aven
Lunar Oak Tiara,79.22,19.0,-60.22,-316.9,kerys-bronyr,Silver Ingot@ancien-tolosa; Sewing Needles@kerys-dreger
Dandy Headband,81.6,19.0,-62.6,-329.5,kerys-bronyr,Silver Ingot@ancien-tolosa; Opal@kerys-aven
Staff of Divine II,69.55,5.0,-64.55,-1291.0,kerys-bronyr,Tansy Extract@kerys-aven; Spear Shaft@kerys-tremen; Iron Bar@inis_gallia-nones; Linen String@merrie-caster; Coarse Leather Band@kerys-bronyr
Tempered Iron Pickaxe,106.25,40.0,-66.25,-165.6,kerys-ewyas,Worn Out Locket@ancien-gravas; Axe Handle@ancien-astarac; Iron Spike@inis_gallia-nones; Iron Bar@inis_gallia-nones; Coarse Leather Band@kerys-bronyr
Shepherd's Hairband of Quiet Gaze II,68.74,1.0,-67.74,-6774.0,inis_gallia-langres,Worn Out Locket@ancien-gravas; Sigil of Ergamen@kerys-bronyr; Wolfsbane Seed Extract@inis_gallia-langres; Sewing Needles@kerys-dreger; Linen Cloth@kerys-aven; Wool Yarn@kerys-llydaw
Verdant Bourrelet,83.1,15.0,-68.1,-454.0,inis_gallia-ardennes,Linen Cloth@kerys-aven; Wool Yarn@kerys-llydaw; Sewing Needles@kerys-dreger; Pearl@kerys-dolavon
Attuned Iron Greatsword,78.5,10.0,-68.5,-685.0,kerys-tremen,Worn Out Locket@ancien-gravas; Iron Sword Blade@ancien-gravas; Sword Hilt@kerys-aven; Iron Bar@inis_gallia-nones; Coarse Leather Band@kerys-bronyr
Cotton Cloth,75.0,6.0,-69.0,-1150.0,inis_gallia-ardennes,Coarse Cotton Cloth@inis_gallia-vitry
Attuned Hunter's Bow,78.3,8.0,-70.3,-878.8,kerys-pladenn,Carved Collarstone@ancien-tolosa; Bow Stave@kerys-pladenn; Boar Sinew@merrie-ardbog; Linseed Oil@inis_gallia-javerdus; Coarse Leather Band@kerys-bronyr
Magus' Trousers of Dreambind II,1121.34,1049.0,-72.34,-6.9,ancien-armanhac,Worn Out Sigil@inis_gallia-langres; Amulet of Veil@ancien-armanhac; Aeonium@kerys-bronyr; Sewing Needles@kerys-dreger; Linen Cloth@kerys-aven; Coarse Leather String@ancien-volvestre; Bronze Buckle@inis_gallia-nones; Coarse Leather Band@kerys-bronyr
Attuned Iron Greatmaul,223.25,150.0,-73.25,-48.8,merrie-gael,Furry Collarstone@inis_gallia-vitry; Mace Grip@inis_gallia-jura; Iron Ingot@merrie-yarborn; Iron Spike@inis_gallia-nones; Coarse Leather Band@kerys-bronyr; Bronze Nails@merrie-yarborn
Attuned Iron Mace,223.25,150.0,-73.25,-48.8,kerys-dreger,Furry Collarstone@inis_gallia-vitry; Mace Grip@inis_gallia-jura; Iron Ingot@merrie-yarborn; Iron Spike@inis_gallia-nones; Coarse Leather Band@kerys-bronyr; Bronze Nails@merrie-yarborn
Vanguard's Cap of Revocation II,77.88,2.0,-75.88,-3794.0,merrie-wiht,Worn Out Locket@ancien-gravas; Sigil of Carelena@inis_gallia-jura; Topaz@ancien-volvestre; Suede Leather@kerys-tremen; Quilted Linen Padding@inis_gallia-nones; Linen String@merrie-caster
Silver Thread Circlet,79.22,3.0,-76.22,-2540.7,inis_gallia-langres,Silver Ingot@ancien-tolosa; Sewing Needles@kerys-dreger
Dark Hide Rug,80.0,2.0,-78.0,-3900.0,ancien-armanhac,Large Animal Hide@ancien-armanhac
Sanctified Oil,173.5,95.0,-78.5,-82.6,merrie-ulaid,Ambergrasp Extract@kerys-dolavon; Chiseled Canonites@kerys-dolavon
Attuned Two-handed Iron Spear,178.75,100.0,-78.75,-78.8,merrie-nene,Worn Out Locket@ancien-gravas; Spear Shaft@kerys-tremen; Iron Spike@inis_gallia-nones; Bronze Nails@merrie-yarborn; Coarse Leather Band@kerys-bronyr; Iron Bar@inis_gallia-nones
Cooking Tools,89.25,10.0,-79.25,-792.5,inis_gallia-langres,Iron Sheet@inis_gallia-langres; Heavy Top Grain Leather@kerys-aven; Bronze Bar@inis_gallia-nones; Charcoal@merrie-nene
Opaline Flower Band,81.6,2.0,-79.6,-3980.0,merrie-shire,Silver Ingot@ancien-tolosa; Opal@kerys-aven
Iron Pickaxe,82.25,2.0,-80.25,-4012.5,inis_gallia-trecassis,Axe Handle@ancien-astarac; Iron Spike@inis_gallia-nones; Iron Bar@inis_gallia-nones; Coarse Leather Band@kerys-bronyr
Wrought Iron Broadsword,93.5,3.0,-90.5,-3016.7,ancien-lavedan,Wrought Iron Sword Blade@kerys-aven; Sword Hilt@kerys-aven; Wrought Iron Bar@inis_gallia-langres; Coarse Leather Band@kerys-bronyr
Wrought Iron Greatsword,93.5,3.0,-90.5,-3016.7,ancien-lavedan,Wrought Iron Sword Blade@kerys-aven; Sword Hilt@kerys-aven; Wrought Iron Bar@inis_gallia-langres; Coarse Leather Band@kerys-bronyr
Tempered Iron Skinning Knife,113.3,20.0,-93.3,-466.5,ancien-tolosa,Furry Collarstone@inis_gallia-vitry; Iron Knife Blade@merrie-ulaid; Long Wood Stock@kerys-aven; Iron Sheet@inis_gallia-langres; Coarse Leather Band@kerys-bronyr
Steel Ingot,110.0,12.0,-98.0,-816.7,kerys-aven,Wrought Iron Ingot@ancien-astarac; Charcoal@merrie-nene
Silverleaf Bourrelet,103.1,5.0,-98.1,-1962.0,inis_gallia-aras,Linen Cloth@kerys-aven; Wool Yarn@kerys-llydaw; Sewing Needles@kerys-dreger; Opal@kerys-aven
Attuned Longbow,103.2,5.0,-98.2,-1964.0,kerys-pladenn,Furry Collarstone@inis_gallia-vitry; Rough Bow Stave@kerys-pladenn; Boar Sinew@merrie-ardbog; Coarse Leather Band@kerys-bronyr
Pilgrim's Legguards III,200.66,90.0,-110.66,-123.0,merrie-down,Wrought Iron Lames@kerys-bronyr; Coarse Leather String@ancien-volvestre; Bronze Buckle@inis_gallia-nones
Iron Mace,123.25,2.0,-121.25,-6062.5,ancien-lavedan,Mace Grip@inis_gallia-jura; Iron Ingot@merrie-yarborn; Iron Spike@inis_gallia-nones; Coarse Leather Band@kerys-bronyr; Bronze Nails@merrie-yarborn
Iron Greatmaul,123.25,1.0,-122.25,-12225.0,ancien-tolosa,Mace Grip@inis_gallia-jura; Iron Ingot@merrie-yarborn; Iron Spike@inis_gallia-nones; Coarse Leather Band@kerys-bronyr; Bronze Nails@merrie-yarborn
Vanguard's Surcoat of Divine Fervor II,130.7,2.0,-128.7,-6435.0,ancien-armanhac,Worn Out Locket@ancien-gravas; Rosary of the 99 Pains@ancien-astarac; Lead@ancien-gravas; Suede Leather@kerys-tremen; Weapons Belt@kerys-bronyr; Bronze Studs@kerys-bronyr
Golden Braid Circlet,240.02,100.0,-140.02,-140.0,kerys-dolavon,Aurum Ingot@merrie-yarborn; Sewing Needles@kerys-dreger
Two-handed Iron Spear,154.75,10.0,-144.75,-1447.5,kerys-llydaw,Spear Shaft@kerys-tremen; Iron Spike@inis_gallia-nones; Bronze Nails@merrie-yarborn; Coarse Leather Band@kerys-bronyr; Iron Bar@inis_gallia-nones
Iron Handspear,154.75,2.0,-152.75,-7637.5,ancien-tursan,Spear Shaft@kerys-tremen; Iron Spike@inis_gallia-nones; Bronze Nails@merrie-yarborn; Coarse Leather Band@kerys-bronyr; Iron Bar@inis_gallia-nones
Sylvan Staff III,480.75,300.0,-180.75,-60.3,ancien-salias,Hematite@ancien-tolosa; Spear Shaft@kerys-tremen; Long Fine Wood Stock@merrie-caster; Wool Yarn@kerys-llydaw; Coarse Leather Band@kerys-bronyr; Linseed Oil@inis_gallia-javerdus; Bronze Sheet@inis_gallia-trecassis
Forge parts,215.9,20.0,-195.9,-979.5,merrie-ulaid,Long Fine Wood Stock@merrie-caster; Cotton Cord@merrie-nene; Boiled Leather@kerys-aven; Fine Wooden Plank@kerys-dolavon; Wrought Iron Bar@inis_gallia-langres; Iron Anvil Head@kerys-vanes; Limestone@inis_gallia-aras
Slender Silver Earring,220.67,15.0,-205.67,-1371.1,inis_gallia-javerdus,Bronze Ingot@kerys-pladenn; Tourmaline@kerys-aven
Silvery Earring,220.67,15.0,-205.67,-1371.1,merrie-ulaid,Bronze Ingot@kerys-pladenn; Tourmaline@kerys-aven
Solar Oak Tiara,240.02,15.0,-225.02,-1500.1,merrie-ardbog,Aurum Ingot@merrie-yarborn; Sewing Needles@kerys-dreger
Ironside's Greaves of Sacred Guard II,235.53,5.0,-230.53,-4610.5,merrie-nene,Worn Out Locket@ancien-gravas; Amulet of Sanctity@kerys-dreger; Obsidian@kerys-vanes; Iron Wire@ancien-armanhac; Coarse Linen Cloth@kerys-ewyas
Trickster's Doublet of the Whiplash II,380.7,150.0,-230.7,-153.8,merrie-bearm,Worn Out Locket@ancien-gravas; Seal of Creed@inis_gallia-jura; Obsidian@kerys-vanes; Suede Leather@kerys-tremen; Weapons Belt@kerys-bronyr; Bronze Studs@kerys-bronyr
Warded Iron Greatmaul,2328.25,1950.0,-378.25,-19.4,kerys-tremen,Furry Collarstone@inis_gallia-vitry; Charm of the Path@kerys-bronyr; Mace Grip@inis_gallia-jura; Iron Ingot@merrie-yarborn; Iron Spike@inis_gallia-nones; Coarse Leather Band@kerys-bronyr; Bronze Nails@merrie-yarborn
Herald's Plates of the Ironroot II,450.93,28.0,-422.93,-1510.5,inis_gallia-jura,Worn Out Locket@ancien-gravas; Talisman of Litanies@inis_gallia-javerdus; Amanita Regalis Extract@kerys-aven; Iron Sheet@inis_gallia-langres; Coarse Linen Cloth@kerys-ewyas; Bronze Studs@kerys-bronyr; Coarse Leather Band@kerys-bronyr
Trickster's Coif of the Slosh II,429.38,2.0,-427.38,-21369.0,kerys-vanes,Worn Out Locket@ancien-gravas; Sigil of Ambolon@inis_gallia-langres; Wolfsbane Seed Extract@inis_gallia-langres; Suede Leather@kerys-tremen; Quilted Linen Padding@inis_gallia-nones; Linen String@merrie-caster
Ironside's Greaves of Vital Pulse II,439.03,5.0,-434.03,-8680.5,ancien-salias,Worn Out Locket@ancien-gravas; Amulet of Holy See@inis_gallia-langres; Henbane Seeds@ancien-volvestre; Iron Wire@ancien-armanhac; Coarse Linen Cloth@kerys-ewyas
Honed Bronze Skinning Knife,512.6,75.0,-437.6,-583.5,ancien-lavedan,Rough Whisper of the Star@kerys-pladenn; Bronze Bar@inis_gallia-nones; Sapwood@kerys-retz
Sanctified Oil II,520.5,75.0,-445.5,-594.0,merrie-nene,Ambergrasp Extract@kerys-dolavon; Chiseled Canonites@kerys-dolavon
Ironside's Helm of Warcry II,465.0,5.0,-460.0,-9200.0,ancien-lavedan,Worn Out Locket@ancien-gravas; Charm of the Earthcall@inis_gallia-jura; Iron Sheet@inis_gallia-langres; Coarse Leather Band@kerys-bronyr; Bronze Buckle@inis_gallia-nones; Iron Studs@ancien-astarac
Pilgrim's Tunic II,496.88,1.0,-495.88,-49588.0,kerys-bronyr,Worn Out Sigil@inis_gallia-langres; Amulet of Justice@kerys-bronyr; Lavender@ancien-lavedan; Sewing Needles@kerys-dreger; Linen Cloth@kerys-aven; Linen String@merrie-caster; Coarse Leather Band@kerys-bronyr
Warrior's Cuirass of Windlash II,525.43,28.0,-497.43,-1776.5,inis_gallia-jura,Furry Collarstone@inis_gallia-vitry; Sigil of Alcanor@ancien-lavedan; Magnetite@kerys-aven; Iron Sheet@inis_gallia-langres; Coarse Linen Cloth@kerys-ewyas; Bronze Studs@kerys-bronyr; Coarse Leather Band@kerys-bronyr
Vanguard's Breeches of Holy Strikes II,534.46,1.0,-533.46,-53346.0,inis_gallia-aras,Worn Out Locket@ancien-gravas; Seal of the Martyrs@inis_gallia-javerdus; Quartz@kerys-aven; Suede Leather@kerys-tremen; Linen String@merrie-caster; Bronze Studs@kerys-bronyr; Coarse Leather String@ancien-volvestre
Pilgrim's Jerkin II,546.6,1.0,-545.6,-54560.0,kerys-aven,Worn Out Sigil@inis_gallia-langres; Talisman of the Nine Litanies@inis_gallia-jura; Lavender@ancien-lavedan; Suede Leather@kerys-tremen; Weapons Belt@kerys-bronyr; Bronze Studs@kerys-bronyr
Cleric's Pantlet of the Hollow Seal II,560.54,2.0,-558.54,-27927.0,ancien-gravas,Cracked Ethereal Crystal@kerys-aven; Seal of the Flame@kerys-dreger; Lavender Extract@inis_gallia-langres; Sewing Needles@kerys-dreger; Linen Cloth@kerys-aven; Coarse Leather String@ancien-volvestre; Bronze Buckle@inis_gallia-nones; Coarse Leather Band@kerys-bronyr
Warrior's Helm of Second Breath II,642.0,5.0,-637.0,-12740.0,inis_gallia-aras,Furry Collarstone@inis_gallia-vitry; Veiled Doctrine@kerys-pladenn; Daisy Extract@inis_gallia-nones; Iron Sheet@inis_gallia-langres; Coarse Leather Band@kerys-bronyr; Bronze Buckle@inis_gallia-nones; Iron Studs@ancien-astarac
Attuned Wrought Iron Mace,1842.3,1199.0,-643.3,-53.7,merrie-shire,Cracked Sigil@ancien-lavedan; Mace Grip@inis_gallia-jura; Wrought Iron Ingot@ancien-astarac; Wrought Iron Spike@ancien-tursan; Coarse Leather Band@kerys-bronyr; Iron Nails@merrie-nene
Cleric's Alb of Reflection II,655.9,3.0,-652.9,-21763.3,ancien-tursan,Cracked Ethereal Crystal@kerys-aven; Rosarium of Silent Intercession@kerys-dreger; Obsidian@kerys-vanes; Sewing Needles@kerys-dreger; Quilted Wool Padding@inis_gallia-langres; Coarse Leather Band@kerys-bronyr; Horn Buttons@kerys-aven
Cleric's Cap of Absolution II,663.14,1.0,-662.14,-66214.0,merrie-ulaid,Cracked Ethereal Crystal@kerys-aven; Saint Veridiana’s Breath@ancien-lavedan; Marsh Marigold@ancien-lavedan; Sewing Needles@kerys-dreger; Linen Cloth@kerys-aven; Coarse Leather String@ancien-volvestre; Linen String@merrie-caster
Pilgrim's Sabatons II,781.4,2.0,-779.4,-38970.0,merrie-shire,Worn Out Sigil@inis_gallia-langres; Seal of the Lost Abbot@kerys-bronyr; Cobra Lily@ancien-lavedan; Iron Sheet@inis_gallia-langres; Coarse Leather Band@kerys-bronyr; Bronze Buckle@inis_gallia-nones; Iron Studs@ancien-astarac
Ironside's Sabatons of Quiet Guard II,865.6,2.0,-863.6,-43180.0,ancien-volvestre,Worn Out Locket@ancien-gravas; Sigil of Lamolon@inis_gallia-jura; Lily of the Valley@kerys-pladenn; Iron Sheet@inis_gallia-langres; Coarse Leather Band@kerys-bronyr; Bronze Buckle@inis_gallia-nones; Iron Studs@ancien-astarac
Attuned Wrought Iron Greatmaul,1842.3,450.0,-1392.3,-309.4,kerys-tremen,Cracked Sigil@ancien-lavedan; Mace Grip@inis_gallia-jura; Wrought Iron Ingot@ancien-astarac; Wrought Iron Spike@ancien-tursan; Coarse Leather Band@kerys-bronyr; Iron Nails@merrie-nene
Warrior's Greaves of Rage II,1473.7,10.0,-1463.7,-14637.0,ancien-lavedan,Furry Collarstone@inis_gallia-vitry; The Sigil of Amatia@ancien-salias; Fly Agaric Extract@ancien-tolosa; Iron Sheet@inis_gallia-langres; Coarse Leather Band@kerys-bronyr; Bronze Buckle@inis_gallia-nones; Iron Studs@ancien-astarac
Herald's Helm of the Immovable III,1966.94,100.0,-1866.94,-1866.9,kerys-dreger,Red Runic Leash@kerys-tremen; Great Blessed Ligarius@inis_gallia-langres; Rosemary@kerys-pladenn; Wrought Iron Lames@kerys-bronyr; Coarse Leather String@ancien-volvestre; Bronze Buckle@inis_gallia-nones; Wrought Iron Studs@ancien-lavedan
Pilgrim's Tunic III,2351.7,1.0,-2350.7,-235070.0,inis_gallia-aras,Cracked Sigil@ancien-lavedan; Great Amulet of Justice@kerys-bronyr; Lavender Extract@inis_gallia-langres; Horn Needles@merrie-ulaid; Fine Linen Cloth@inis_gallia-nones; Cotton Cord@merrie-nene; Coarse Leather Band@kerys-bronyr
Hunter's Trousers of Binding Roots II,2358.96,2.0,-2356.96,-117848.0,ancien-astarac,Worn Out Sigil@inis_gallia-langres; Sigil of Pellipis@ancien-lavedan; Castor Extract@kerys-pladenn; Suede Leather@kerys-tremen; Linen String@merrie-caster; Bronze Studs@kerys-bronyr; Coarse Leather String@ancien-volvestre
Cleric's Alb of Cleansing III,2577.7,15.0,-2562.7,-17084.7,kerys-ewyas,Multifaceted Ethereal Crystal@inis_gallia-vitry; Great Seal of the Lost Abbot@inis_gallia-langres; Sulfur@kerys-aven; Horn Needles@merrie-ulaid; Cotton Wadding@merrie-down; Bronze Buckle@inis_gallia-nones; Silver Buttons@ancien-lavedan; Rough Leather Straps@kerys-aven
Shepherd's Smock of Blooming Fold III,2597.7,4.0,-2593.7,-64842.5,ancien-lavedan,Mottled Larvae@merrie-ulaid; Great Reliquary of Choir@kerys-bronyr; Starwort Extract@kerys-dolavon; Horn Needles@merrie-ulaid; Cotton Wadding@merrie-down; Bronze Buckle@inis_gallia-nones; Silver Buttons@ancien-lavedan; Rough Leather Straps@kerys-aven
Pilgrim's Breastplate II,2787.03,2.0,-2785.03,-139251.7,kerys-aven,Worn Out Sigil@inis_gallia-langres; Rosarium of Equilibrium@ancien-lavedan; Lavender@ancien-lavedan; Iron Sheet@inis_gallia-langres; Coarse Linen Cloth@kerys-ewyas; Bronze Studs@kerys-bronyr; Coarse Leather Band@kerys-bronyr
Ironside's Greaves of Sacred Guard III,2846.59,15.0,-2831.59,-18877.3,ancien-astarac,Cracked Sigil@ancien-lavedan; Great Amulet of Sanctity@inis_gallia-jura; Amber@inis_gallia-aras; Iron Wire@ancien-armanhac; Stuffed Linen Padding@merrie-shire; Coarse Linen Cloth@kerys-ewyas
Vanguard's Cap of Revocation III,2848.93,10.0,-2838.93,-28389.3,ancien-lavedan,Cracked Sigil@ancien-lavedan; Great Sigil of Carelena@kerys-pladenn; Sulfur@kerys-aven; Boiled Leather@kerys-aven; Stuffed Linen Padding@merrie-shire; Wool Yarn@kerys-llydaw; Linseed Oil@inis_gallia-javerdus
Ironside's Harnais of Provocation III,3077.95,97.0,-2980.95,-3073.1,kerys-bronyr,Cracked Sigil@ancien-lavedan; Great Sigil of Magalast@inis_gallia-langres; Pyrite@kerys-bronyr; Wrought Iron Lames@kerys-bronyr; Stuffed Linen Padding@merrie-shire; Wrought Iron Cuirass@kerys-aven; Weapons Belt@kerys-bronyr
Warrior's Cuirass of Windlash III,3077.95,75.0,-3002.95,-4003.9,merrie-shire,Cracked Sigil@ancien-lavedan; Great Sigil of Alcanor@inis_gallia-langres; Pyrite@kerys-bronyr; Wrought Iron Lames@kerys-bronyr; Stuffed Linen Padding@merrie-shire; Wrought Iron Cuirass@kerys-aven; Weapons Belt@kerys-bronyr
Pilgrim's Slippers III,3339.42,2.0,-3337.42,-166871.0,merrie-down,Cracked Sigil@ancien-lavedan; Great Amulet of the Broken Benediction@kerys-aven; Cobra Lily@ancien-lavedan; Horn Needles@merrie-ulaid; Fine Linen Cloth@inis_gallia-nones; Coarse Leather String@ancien-volvestre
Pilgrim's Sabatons III,3700.94,30.0,-3670.94,-12236.5,ancien-lavedan,Cracked Sigil@ancien-lavedan; Great Seal of the Lost Abbot@inis_gallia-langres; Cobra Lily@ancien-lavedan; Wrought Iron Lames@kerys-bronyr; Coarse Leather String@ancien-volvestre
Herald's Greaves of the Unfallen III,3833.52,150.0,-3683.52,-2455.7,ancien-armanhac,Red Runic Leash@kerys-tremen; The Sigil of Zagalo@ancien-lavedan; Onyx@merrie-shire; Iron Wire@ancien-armanhac; Stuffed Linen Padding@merrie-shire; Coarse Linen Cloth@kerys-ewyas
Pilgrim's Marchers III,3817.21,2.0,-3815.21,-190760.5,ancien-lavedan,Cracked Sigil@ancien-lavedan; Great Charm of the Immaculate Grief@kerys-pladenn; Cobra Lily@ancien-lavedan; Boiled Leather@kerys-aven; Coarse Leather String@ancien-volvestre; Linen String@merrie-caster; Glue@inis_gallia-aras; Linseed Oil@inis_gallia-javerdus
Cleric's Alb of Reflection III,4255.2,4.0,-4251.2,-106280.0,ancien-lavedan,Multifaceted Ethereal Crystal@inis_gallia-vitry; Great Rosarium of Silent Intercession@ancien-lavedan; Juniper Needles@merrie-nene; Horn Needles@merrie-ulaid; Cotton Wadding@merrie-down; Bronze Buckle@inis_gallia-nones; Silver Buttons@ancien-lavedan; Rough Leather Straps@kerys-aven
Warrior's Greaves of Rage III,4502.16,90.0,-4412.16,-4902.4,merrie-down,Cracked Sigil@ancien-lavedan; Great Sigil of Amatia@ancien-armanhac; Datura Leaf Extract@ancien-gravas; Wrought Iron Lames@kerys-bronyr; Coarse Leather String@ancien-volvestre; Bronze Buckle@inis_gallia-nones
Cleric's Alb of Cleansing IV,4710.3,50.0,-4660.3,-9320.6,merrie-shire,Cubic Ethereal Crystal@kerys-bronyr; Majestic Seal of the Lost Abbot@ancien-lavedan; Citrine@ancien-gravas; Horn Needles@merrie-ulaid; Heavy Quilted Wool Core@merrie-shire; Silver Buttons@ancien-lavedan; Aurum Buttons@kerys-dolavon; Leather Straps@inis_gallia-langres
Magus' Robe of Concentration IV,6003.34,100.0,-5903.34,-5903.3,ancien-lavedan,Tattered Sigil@kerys-aven; Majestic Amulet of Martyr’s Crown@inis_gallia-langres; Soapwort@inis_gallia-trecassis; Horn Needles@merrie-ulaid; Cotton Cloth@inis_gallia-ardennes; Cotton Cord@merrie-nene; Leather Straps@inis_gallia-langres; Coarse Leather String@ancien-volvestre
Trickster's Coif of the Slosh IV,10772.5,30.0,-10742.5,-35808.3,kerys-retz,Crimson Runic Leash@ancien-lavedan; Majestic Sigil of Ambolon@kerys-pladenn; Skullcap Extract@inis_gallia-langres; Medium Top Grain Leather@inis_gallia-aras; Wool Felt@kerys-aven; Cotton Cord@merrie-nene; Linseed Oil@inis_gallia-javerdus
